reviewId,userName,userImage,content,score,thumbsUpCount,reviewCreatedVersion,at,replyContent,repliedAt,appVersion
c600a859-237c-487e-a94f-3d65a0788bd8,hina karim,https://play-lh.googleusercontent.com/a/ACg8ocLZL412V7XtEsmPkCjmyWasS7UNtR6YB4MIlfGS7QyrYRrmnQ=mo,fan,5,0,1.3.4,11/06/2026 15:06,,,1.3.4
9351c10e-0719-42cf-9d82-da5cbd1393dd,Free Time Ideas,https://play-lh.googleusercontent.com/a-/ALV-UjVFlkSkUH46_jXWQuFtyjlwAcE_EkpXBR5vTmhJuDt4vztxZfJz,I could not get otp code on the phone number and otp code on email was being delivered to me after the time was over it took me 7-8 tries and to get otp,2,0,1.3.4,10/06/2026 18:49,,,1.3.4
1f067eb2-c5c3-4c8d-ba60-68f2237e4f6d,malik usman,https://play-lh.googleusercontent.com/a-/ALV-UjU3Bl3RNY7MPDWT3H5uLOsfpfCUEpowl7XIZoCP1roUOJi7J58,today I tried cold drink first time. cloud noir its very very bad experience for me today. 70% ice cube and 30% drink. I paid 550rs for ice cube. what the hell is this.,1,0,1.3.4,07/06/2026 18:17,,,1.3.4
03ef3836-7257-4cc0-9fb2-827ed75900a6,Arsalan Qadeer,https://play-lh.googleusercontent.com/a/ACg8ocLOmAktI633md07mLDvs_4wowxxfD3W86uFWqk9k0aWZ1UPIA=mo,"That sounds incredibly frustrating and disorganized. Waiting 40 minutes only to receive cold or incorrect food ruins the experience, especially when it is clear the staff lacks management and skips the proper queue.",1,0,1.3.4,05/06/2026 20:53,,,1.3.4
84c9d31e-c134-4c45-82fb-6d73196df028,rabyia sultan,https://play-lh.googleusercontent.com/a/ACg8ocLt3cCgmZCvqBtmS7wgwUgn92B00dj6LON0kCtm1inhKKCHJw=mo,most ridiculous system of take away they force u to install app n make online payments while u r just standing outside of their branch n their app is so rubbish it took ages to put order n payment confirmation they r just forcing their customers to use app in order to build up their social marketing terrible behavior,1,0,1.3.4,05/06/2026 19:19,,,1.3.4
217eb0a1-1260-4528-b55d-817dd8fe4b09,Hadia tahir,https://play-lh.googleusercontent.com/a-/ALV-UjUxi677qIPkxJovxj6ysrIgxWYwElIWuq5qtWhTt9GFhrPqAQsuPw,worst app otp atta hi nai jb ata hey tou error ata otp add krney pr isko set kro bai😒😡😡😡,1,0,1.3.4,02/06/2026 16:51,,,1.3.4
93eac3b1-bf57-4445-855f-b916275284c6,SD RAHMAN,https://play-lh.googleusercontent.com/a/ACg8ocJnQ1iaDVBIEQCQkkGfOW_81kmSA5V0_dMvLwvyDUt2k2yGVQ=mo,nice,5,0,1.3.4,30/05/2026 13:55,,,1.3.4
f5489a44-88e3-4c88-a998-d9a784f7dda1,hammad nazir,https://play-lh.googleusercontent.com/a-/ALV-UjVNBnkM1BLwriWmjeJLf8k9QMo_E4Y_9p2XwE-L-pk_aVgJuzoN3A,stupid app .... design sucks,2,0,1.3.4,29/05/2026 19:57,,,1.3.4
c1bfddf5-eecd-49e1-8aca-c15825ca212f,Ume Habiba,https://play-lh.googleusercontent.com/a-/ALV-UjUxKm3QCYfTLGQKW5Rvjb1OeMMgqZP_Kbmr5_sPmO34jP9ZaHwO,too much slow processing of app,2,0,1.3.4,18/05/2026 15:37,,,1.3.4
7cabf2dc-13f2-4189-adba-333e530ae615,qais,https://play-lh.googleusercontent.com/a/ACg8ocI_P_6ZHxK_kV5xmXOf2vQDjE23mimthf3pEywFyLIlzJ8Mdg=mo,very testy,5,0,1.3.4,18/05/2026 11:35,,,1.3.4
a1c18b8e-e9ff-4dce-988a-ad8735660bb8,Muhammad Bilal,https://play-lh.googleusercontent.com/a-/ALV-UjVhVyl4t2kuFqM8bz6vvbIYM0l4QbjRw0vaAe_vQA9SQmW9swwOyQ,too difficult to order,2,0,1.3.4,11/05/2026 17:57,,,1.3.4
31cc4242-a4a6-4496-aa98-5b5e203786f0,Hiba Rehman,https://play-lh.googleusercontent.com/a/ACg8ocJlVvob0P_2CfqsEZ_9G0ctPWcmTbe6UOWMmHxq3BdMNrkmpxU=mo,"I am unable to place an order because I am facing an issue in your app. The location DHA 1 Sector B is not showing, while other sectors in DHA are available. Please fix this issue as soon as possible because I am unable to order.",3,0,1.3.4,11/05/2026 12:45,,,1.3.4
e71169e8-0b6e-497e-8db6-0b226f8f36d8,Syed Muhammad Hassan Maqsood,https://play-lh.googleusercontent.com/a/ACg8ocLNQkAx5BSVuJfzSPpuLIvyoIKaiLw2S3QNI5_zD44W2SG64Q=mo,Shop Ke Bahir Wait Krwa Ke Kehte Hain App Se Order Karain.,1,0,1.3.4,09/05/2026 18:23,,,1.3.4
5e69265f-59d4-4e23-8ee9-dac9951321c1,Awais Yousaf,https://play-lh.googleusercontent.com/a-/ALV-UjUImp7rf2iLMbG1sU2gT6DmlFO_LsY9QPMezteaPoD9zyTboxjj,1 Star till you don't add Gujranwala to the delivery location. 🙂,1,0,,08/05/2026 23:54,,,
c9ca561a-2145-418d-b49b-9a87579f00b6,Zarish Attique,https://play-lh.googleusercontent.com/a/ACg8ocKeW8D6tWjEv4i23dO45P6QONDSiEap3v4HBQezbtfZVhk2e9c=mo,good👍,5,0,1.3.2,07/05/2026 15:54,,,1.3.2
1f663128-4b7c-4c1c-8590-57351b53a48d,ali raza,https://play-lh.googleusercontent.com/a-/ALV-UjV7VQ8XTs-PC-ja0lK12WjTEnYETl9tXk39rZBaEWX4cVg7FspM,worst app ever. didn't open once,1,0,,05/05/2026 14:45,,,
8048f3d4-a940-426e-85d3-5a713697c1dd,Fried Skull,https://play-lh.googleusercontent.com/a/ACg8ocLJaRRIQl1nqAEPkvCxuu4bKSnrEczBqDpdz185m7z1MchhDw=mo,extremely sweet. horrendous taste. I literally feel the sweetness in my ears like ewww🤮🤮🤮🤮🤮🤮🤮🤮🤮🤮🤮🤮,2,1,,29/04/2026 7:27,,,
76cc7ffb-543a-4da6-a4bb-3a45319304e0,Haroon Khan,https://play-lh.googleusercontent.com/a/ACg8ocJTSc0OT-uM7yd9B30fe6bW81sH5CbsabrJtM7lAibR4W4rRA=mo,good and excellent,5,0,1.3.2,26/04/2026 16:25,,,1.3.2
3ea2187f-0eb9-43f0-b199-edf8e8c08877,Imran Nabi,https://play-lh.googleusercontent.com/a-/ALV-UjW5kgoFhJ899M9MDbzKgthAx0GlWfhNxnCWrxfUxS-AH8QRFDVJ,ok,5,0,1.3.2,19/04/2026 16:46,,,1.3.2
04b77995-66a9-41d5-8cb2-490823324147,Anjum Saeed,https://play-lh.googleusercontent.com/a-/ALV-UjWBIRLf7wDg_JmwXkZpgnKPZwUgW8FqwHItdv3cJjQ7s5MXU4FNFA,Downloaded but regretfully DHA Phase 7 Lahore is missing for delivery while almost entire Lahore is available۔ Isnt it strange,2,0,,19/04/2026 12:13,,,
bb61538b-096f-4514-add4-86eaacd73092,Brad Denefer,https://play-lh.googleusercontent.com/a-/ALV-UjVZdUvqC3MTULuPlWrReyCrE4uKyTAmB9p8fB_5N1GpnZeCYhA,the app has some bugs that need to be fixed and should be delivered in a wide range of the city but the cookies are awsome,3,0,1.3.2,18/04/2026 18:35,,,1.3.2
dfc535b7-61c7-4ece-8647-bd5682632cb6,Ever Green,https://play-lh.googleusercontent.com/a-/ALV-UjWF11qreg8Hd0d7suQuKB-5MyRZdQpMq8gR3Dp8NrFvNHGScCZlAQ,Very Slow Service,3,0,1.3.2,18/04/2026 17:59,,,1.3.2
60276b35-c855-40af-bb09-a4e5390ff6c0,danyal kailani,https://play-lh.googleusercontent.com/a/ACg8ocJwo1RlWLnE0arQCz3m9r8p5q3cHs90DEb25v6VOHLlx43OmQ=mo,too much complexities,1,1,1.3.2,18/04/2026 17:40,,,1.3.2
7c3c6af5-2d79-4d03-a536-9a80091d1b1d,Nauman Raheem,https://play-lh.googleusercontent.com/a-/ALV-UjXWn-OLWqUNm6pxlnrqJ4G_cn3zUhYMVEN1gheNAVjCA6gI7gL_,"I am new user but unfortunately can't avail 10% discount, unknown reason",2,0,1.3.2,15/04/2026 18:04,,,1.3.2
8c12dd0a-c244-47a1-81c7-5f35a0d98fee,aisha tahir,https://play-lh.googleusercontent.com/a/ACg8ocLKA8N8V7UqmAeO--mvy8e4Fex8Vea-p7Da9uUdP27OjaSJ_oc=mo,no discount applied,1,0,1.3.2,15/04/2026 16:12,,,1.3.2
63455782-96ed-4f0b-a491-d7a64c2ced55,Hafi Wajahat,https://play-lh.googleusercontent.com/a-/ALV-UjWNqlEE7eJCyr04S2pgsFx2Kde3f5dQhNIxv_mzM8iE8p5OGX4R,Mehmood Baddie Ka Fav 🤭,5,0,1.3.2,14/04/2026 16:33,,,1.3.2
71c0a59c-c35d-4f5c-835d-b22eebcea35a,Sarmad Khan,https://play-lh.googleusercontent.com/a/ACg8ocJMVnVirKUZC7qlBT15b-oh3MXTGClJh1fSTrDgGle6YXaUKA=mo,stuck.on registration. don't download this.,1,0,1.3.2,12/04/2026 10:00,,,1.3.2
93002ba7-39fa-4341-ab05-fabf015a5e01,Mianjaveed qamar,https://play-lh.googleusercontent.com/a-/ALV-UjXflSfoZuoZT1mfGeWfu_IuskOlW5FH0VfgR0IiJKqkDYXBGJ8,"This app doesn't have most of the locations, i tried searching for a location near my home but it didn't show up, please add more areas so that its easy to order",3,0,1.3.2,10/04/2026 16:21,,,1.3.2
d0db646a-db4b-4b49-a554-2ca8dac1737a,Abdullah Bin Khalid,https://play-lh.googleusercontent.com/a/ACg8ocLlecutmxsEYsIhGZrMGD0YRkFBF9P17QOnMP1BRgpOVE4UMQ=mo,it doesn't let me add a specific location.,4,0,1.3.2,10/04/2026 15:45,,,1.3.2
008ff64c-96cb-4298-aa88-9a7876e23a2b,muqadas raza,https://play-lh.googleusercontent.com/a-/ALV-UjWO3rFBT4QUK-TF2HEhzYIFiQr6cLuMKtHKCU4t4KtzHKNtI1Q,very slow service i have ever seen waiting for one cookie 🍪 for about 1 and a half hours is insane also didn't get off on the first order from their app,2,0,1.3.2,08/04/2026 19:35,,,1.3.2
42732a8c-cf96-4cce-92e2-2a8922ea3ce1,Tabish Riaz,https://play-lh.googleusercontent.com/a-/ALV-UjUAH0jm87-4bpHQ8_J9BogRTB3C0qJbGwsLQM8sQjT1JAFCeNBh,"payment by card flow is not working. breaks after approving payment. also I try to login with email, it gets errorrred out that number is in use, obviously it is because I am logging in.",1,0,1.3.2,08/04/2026 16:33,,,1.3.2
bdd59952-bd12-4c68-bdcd-7bc76a4163cc,Usaid Yaseen,https://play-lh.googleusercontent.com/a/ACg8ocJX0b_051CXzzIy2BjTuRLffDkTXE3aP-73nnaYawKjT9hXDg=mo,not all Lahore is covered in the app,1,0,1.3.2,06/04/2026 9:49,,,1.3.2
6b1f746d-f61b-419d-9d26-ecdde54f9504,Saba Noman,https://play-lh.googleusercontent.com/a-/ALV-UjWoEFT9CY2sTf2B7yxJ12U30qFYJ_mTejEQzM4UxPEjcWwZR6ctSA,app issues,3,0,1.3.2,05/04/2026 17:36,,,1.3.2
66c5be9c-7acf-4fea-ae2f-c54b3979a9dc,Ahmad Arshad Cheema,https://play-lh.googleusercontent.com/a-/ALV-UjXTJ4kWOpU06KAQftBcWkRydr1dWOTV2cOmok333lETiSGmoLHZhg,card payment not working,2,0,1.3.1,03/04/2026 14:08,,,1.3.1
23206f8e-3c89-4bc3-87c4-5d90e8334f71,majid hussain,https://play-lh.googleusercontent.com/a-/ALV-UjWG-oNkvfYT4ooFjECj25zgUbCKz_i8nnMtU49DgN4sWFdFf_P0,Muslim town option for delivery not available,1,0,,03/04/2026 10:24,,,
339e74af-8d76-4e2c-8c86-d1746fd01d98,Tayyab Naaz,https://play-lh.googleusercontent.com/a-/ALV-UjUc9ACx4Df0rNBxWNupW7uRcs7Mr0XPIXl9DJs8VtC6--TXDA,good,5,0,1.3.2,03/04/2026 10:18,,,1.3.2
cf65b5c2-2a3e-41d6-a7ad-4333be9cee0c,Muhammad ali Yousf,https://play-lh.googleusercontent.com/a/ACg8ocJ5kNo9qhRtWmfiCvx1kiaSOQg8bJkDRsG1YL4cVBm83ET-aw=mo,best in the terms or cravings 👌🏻💗,5,0,1.3.1,02/04/2026 17:31,,,1.3.1
7e0bfe1e-e37e-4921-8585-7da8a2b27b93,Eeshan khalid,https://play-lh.googleusercontent.com/a/ACg8ocK7BAZ1k_FwdS17jr_0E1tw9T_pLmVmgvhvrHgUdrHpXOZtLw=mo,bad website,2,0,1.3.1,02/04/2026 14:51,,,1.3.1
8b08505c-96f2-4c2b-85d1-89e843f106a9,Hadiyah,https://play-lh.googleusercontent.com/a/ACg8ocJQ4ZIRIRtnDK9WWGu2XCc0igxLLNb0gHXkOc5mf2WOhBIOjg=mo,bit expensive but worth it,5,0,1.3.1,01/04/2026 12:19,,,1.3.1
af2840ab-9ec4-4e17-a434-6ebaa9d14a54,Batool Naqvi,https://play-lh.googleusercontent.com/a-/ALV-UjWZqmOPBd8XSQOyOliMiRZnhsOxe_OvGyM3nhJUUuHlbFLTz5M,great,5,0,1.3.1,31/03/2026 16:45,,,1.3.1
c274be47-6a44-429b-9759-1aafe541cd88,Gulzaib Hassan,https://play-lh.googleusercontent.com/a/ACg8ocLSLE0z7IYmG_FVpFYqTUr79RfvPQ2qHDQ7-bSEpkUwsuT-ZA=mo,i love these cookies 🥰🥰😋😋💦💦🍑🍑,5,0,1.3.1,31/03/2026 10:48,,,1.3.1
c3965a69-46a6-4c71-a1cb-72e029b85030,Laraib Rabbani,https://play-lh.googleusercontent.com/a-/ALV-UjXIdipnMOznbdbeZxSWW3qbQEEEAkowU59NwWGcSzM2ITA3G0aK,"bad application, location picker doesn't work properly, promo codes don't work either. idk if they've hired noobs to make this app or what.",1,2,1.3.1,30/03/2026 14:59,,,1.3.1
e9f42bad-3b05-47b6-9d7a-1615be5b47cc,Mubeen Zafar,https://play-lh.googleusercontent.com/a-/ALV-UjX9LldNbRlvdKSr8oT3lBUKL_O29dyh7v4sx1cKF28nFaaB00In,"glitchy app, otp code ata he nai ha...",1,0,,28/03/2026 19:26,,,
bb43c92a-7314-4bc9-9355-43446978cef8,Fatima Ayyan,https://play-lh.googleusercontent.com/a/ACg8ocLXwl36ZaJXSHJ1WgJKOVCc05s_JJnCLgLBU8146adxVLSQZQ=mo,best please chichawatni 🙏,5,0,,28/03/2026 19:01,,,
972112a5-3910-49a3-b187-b564b40e4af5,Zayeem Kaleem,https://play-lh.googleusercontent.com/a-/ALV-UjVMq3rS-ZhHk0qie2B8nS7zG6fQKZiPjs0KOq1u5-o6jCsbxheE,very nice,5,0,1.3.1,28/03/2026 18:39,,,1.3.1
e7ca8e42-316e-44cc-aef8-cd7bb20ef6c3,Umer Toor,https://play-lh.googleusercontent.com/a-/ALV-UjV2NqNkxVbPWg1pDBUzsMDV3kFKdR8yeQyMvNIagbs6OkSn1Fc,delivery not available in most of the areas and the app is also glitchy.,1,1,1.3.1,28/03/2026 15:12,,,1.3.1
d8a4779f-bfc7-4807-ba35-652c00f4882d,Asim Raja,https://play-lh.googleusercontent.com/a/ACg8ocLRkoMWTf4OtAeUFJDShhKgaFMpZnpj0BcEYp8jOy9ZDbjB-zsR=mo,to much late delivery.,1,0,1.3.1,24/03/2026 20:08,,,1.3.1
62bd94aa-08c1-4917-a4bd-df431274d88d,Murtaza,https://play-lh.googleusercontent.com/a/ACg8ocIRdrscXlpiLlhsHDi556ye59_GaHKZp_abozKOJ5ONBJp7lg=mo,pathetic app I was a new user but didn't got discount saying I've already used it management also pathetic,1,0,,24/03/2026 14:23,,,
a412c441-71b4-403f-809c-41765f79e7f0,Fatima Khalid,https://play-lh.googleusercontent.com/a/ACg8ocIre8IHwUASS2ycAm63ISBG6kHa04oT36iVTuuXFLYFZfxkcg=mo,good 👍,5,0,1.3.1,24/03/2026 10:52,,,1.3.1
2fb874a5-dee3-4040-bb30-3d2d452b076f,Kinza Khalid,https://play-lh.googleusercontent.com/a/ACg8ocKMBH7F3tDTEapeEWAwTmyCkEptM-703lb4tGTPsBMrTD57Pw=mo,It was the best cookie I ever had,5,0,1.3.1,24/03/2026 10:17,,,1.3.1
f1ead812-c0e3-4308-854e-0f9b792ef867,Ch Noman Azhar,https://play-lh.googleusercontent.com/a-/ALV-UjUraqVoR5j-injjimQHJyWJjbs1fCWx7iwlQeaZ7pSDGJD2lDj6bw,best cookies in twin cities,5,0,1.3.1,23/03/2026 17:12,,,1.3.1
44def81b-99fe-418e-8087-d8aadb6a96a5,Parishay Aasif,https://play-lh.googleusercontent.com/a-/ALV-UjXex3wyX9rg8s9-L3AVRSKtpydAmBWHzbxzYJ6nsHBwJ3vlv28,love it!!!,5,0,1.3.1,23/03/2026 14:43,,,1.3.1
15f93bff-4d07-48ed-9b94-4b1814ab1235,Busy Bubbies,https://play-lh.googleusercontent.com/a-/ALV-UjWTFysle1LAYzIzdooPEHB8e5RqGJcvJukmHOcQJ_XIYgImvgvB,waited for almost 2 hour ...out for delivery order still not delivered.i ordered for the guests.worst service by bahria pase 4 branch.nobody even contacted to tell if they are delivering or not.,1,0,1.3.1,21/03/2026 21:38,,,1.3.1
0ca7adf9-8c5e-4df7-b4c1-7f7f28efe5dc,Rabia Kanwal,https://play-lh.googleusercontent.com/a/ACg8ocKlY_6fyZCIsn7KP__2Fq4GVacVTmw3VrAKb_9mOi4S2tNzHw=mo,"I love crumble cookies,their cookies and milkshakes everything is so good highly recommend ❤️",5,2,1.3.1,19/03/2026 17:26,,,1.3.1
b605fd47-569c-488f-9758-74774b90d74a,Muhammad Azeem Subhani,https://play-lh.googleusercontent.com/a-/ALV-UjW1iOXJxcL7LiBezKDE3i7ZHrf06UX2N92H9ncu6bEUEUZhM5CN,very poor service. placed an order and had to wait 1:30 minutes to get it. absolute worst service,1,1,1.3.1,18/03/2026 17:49,,,1.3.1
1eb4120c-b678-40f9-b1c8-f2ef087e53c4,Ubaidah Aamir,https://play-lh.googleusercontent.com/a/ACg8ocKSztnOkETEp-rZbXsU4xT8HFX_O52rSvQZCx7JAtIMRzqGMnE=mo,"The app is really simple and perfect to order but one thing about the app that should be fixed is the payment page. In my last order, the card payment couldn't be made as the human verification failed multiple times. Fix the issue please",4,5,1.3.1,16/03/2026 16:47,,,1.3.1
096d4891-aeec-4f5d-bd15-c47f73801be3,Shani Xhaikh,https://play-lh.googleusercontent.com/a-/ALV-UjUdL62vIgSP5cooHlfZcVngn2KkTGDpk_aVgdE3K6FfRNG1cdHl,very nice,5,0,1.3.1,16/03/2026 15:10,,,1.3.1
806fa168-06ce-44fe-a699-984d74f13b78,Tabinda Hammad,https://play-lh.googleusercontent.com/a-/ALV-UjVPu1XQAPeevrRP1XhEjOE502sOG11DotjWBTLcw-nriUMTswTxmg,great app love it,4,0,,14/03/2026 15:42,,,
48fd503f-9c58-4656-a690-a89d0f90a978,The National Standard,https://play-lh.googleusercontent.com/a-/ALV-UjXMys3la6A9rHQ08DSdX-ZvwMw0s3a9Z3OHU12t__9FKI3Hgdg6iw,wow,5,0,,13/03/2026 16:21,,,
c7cfe833-5a7d-4cb2-864d-a8068f51e01e,Saqib Awan,https://play-lh.googleusercontent.com/a-/ALV-UjVs4FUdL7f5hxBtEDLTiFiqunLhorcnxAnEgEJFMDXE2wbmB9c,worst application I tried many times to verify but couldn't succeed,1,0,1.3.1,13/03/2026 15:15,,,1.3.1
a476aa32-5ced-40fe-ae3d-807cea4b804d,Jamshaid Ahmad,https://play-lh.googleusercontent.com/a/ACg8ocK69m08iZq5Gqk0MvScFonTz9Cfuns8npQuNh0WPlrUsrNQHA=mo,there is option for card on delivery and it shows trouble shoot problem when it gets to add card info,3,0,1.3.1,12/03/2026 18:12,,,1.3.1
ba32c88e-d319-40ae-a283-18818bfa9366,رضوان راؤ,https://play-lh.googleusercontent.com/a-/ALV-UjWoFghduVaIuEOL6bxF3aIkNYgXPB473jvoKflivah9q4EPp5sPKg,"Really good experience with the Crumbl Cookies app—ordering was simple and smooth. The cookies from Crumbl Cookies I-8 Markaz were fresh and delicious, exactly as expected. The staff was very polite and cooperative, which made the whole experience even better. 👍🍪",5,6,1.3.1,11/03/2026 13:02,,,1.3.1
bbd536c5-60a7-4843-b011-ee893ba14337,Muhammad Sameer Amjad,https://play-lh.googleusercontent.com/a-/ALV-UjVUeNVq5q3pa5_RO3R30suxEt7K54W0FNQziH4IiJkpTS35y1v-,"loyality Points feature is glitchy. I didn't even utilised them a few times, just toggled to see the price change in the order and did not complete the order, only for me to find out that I no longer have those points",1,1,1.3.1,11/03/2026 11:03,,,1.3.1
822229ba-437a-4094-9c8f-a74fece5e504,Meerub Qureshi,https://play-lh.googleusercontent.com/a/ACg8ocKJ9XN4zK0G2SjHLFDzFU6aKe4lnhvfy54k3IVsBR44cwxWa5U=mo,"the app isn't working, it doesn't open.",2,0,1.3.1,11/03/2026 6:15,,,1.3.1
6a1f7e1b-cbfe-46cd-b0a0-e1f1007cc51a,Fahad Masood,https://play-lh.googleusercontent.com/a-/ALV-UjUssVa75C4GMDitnpRFNZXVwJmtAxQAMT5uIXjz-yMyevMluQiNRg,"app is telling me that I have already registered number for the same account/email, and not opening the account/email or letting me order. only app issue only.!! taste is good 👍🏻👍🏻👍🏻",3,0,1.3.1,09/03/2026 15:28,,,1.3.1
a76351a2-dfed-41cc-8a5b-24466b173112,Shaharyar Rao Khan,https://play-lh.googleusercontent.com/a-/ALV-UjVhhXl5klRgNfo8R28bw4-rxlqk-7NEg0sWaDRAKUlZWWsYT_EBXQ,please sign up thing . not instant method,5,0,1.3.1,08/03/2026 14:22,,,1.3.1
33d6dcae-a705-45cc-ab92-b7dd2593305d,Real Noob,https://play-lh.googleusercontent.com/a/ACg8ocKlw4aNqabZKaQHt25YvQxy2jSMXU3bewexbJdQqt6lVVT02Q=mo,ice-cream tastes amazing,5,0,1.3.1,07/03/2026 14:14,,,1.3.1
c18c466a-31d0-475c-a58d-b60387a9288f,Muhammad Haad,https://play-lh.googleusercontent.com/a-/ALV-UjVElF49o9zN875AE2SmBQPrfKlebf7J7goGWOKnpmEcZRYAWyY,It is hard to understand .It should support live order tracking,4,2,1.3.1,05/03/2026 14:13,,,1.3.1
a90bfa78-ba2f-460d-8902-d673cc3fa7dd,Omar Majid,https://play-lh.googleusercontent.com/a-/ALV-UjUR5vKp97KVyWB2GUL0W4GB7lQ-42SnjK-GJZjX0K_CsR5xB4c,wow egselent,5,0,1.3.1,05/03/2026 14:03,,,1.3.1
3d238dd8-ed32-46c9-8df9-e38f24bfc38d,hanan butt,https://play-lh.googleusercontent.com/a/ACg8ocLbFVfDCPTFs70sdw1sP9fjsRDRifTSJnB4l496Wq3qSWPDew=mo,good app,5,0,1.3.1,04/03/2026 13:40,,,1.3.1
b608f19c-a530-41ee-8f51-a779800b93ad,Mr Serious,https://play-lh.googleusercontent.com/a/ACg8ocJMb7oXVo0UdQJ015ml9NbCqAMMeU2xht6D7pejyuCwVn-FjVc=mo,Fake advertisement. It doesn't deliver everywhere.,1,1,,04/03/2026 10:32,,,
905980e7-8d21-49ad-acff-3d660e4a7f8e,Ubaid Khan,https://play-lh.googleusercontent.com/a/ACg8ocJUIHrY5rmq15jooTrSKqkt87ZSUGwHs6Oc9eK1mQW_KaPk_A=mo,very good 👍 osm,5,0,1.3.1,03/03/2026 15:27,,,1.3.1
666af26b-0f56-4c75-a91d-dd443ce43ec7,Mariyam Sarfraz,https://play-lh.googleusercontent.com/a-/ALV-UjWZdlju2oc-au16L9d2O61w4P4MUTKMb53ddNVLbocFXKQhQrE6,the app is glitchy and slow.,3,0,1.3.1,02/03/2026 11:36,,,1.3.1
bf33b257-9fda-4825-bac7-986bdc9e445c,Syeda Fatima,https://play-lh.googleusercontent.com/a/ACg8ocJ2toIX3cswW7BzNdeXQnF-098cgBsvjw_D-qzYYEMZYW0xJw=mo,overall your app is really helpful but you should add some more items like your newly launched cookies box,5,0,,02/03/2026 11:31,,,
71a43282-b666-4dfe-9f6c-8226bac1b2c5,Hamza Ali,https://play-lh.googleusercontent.com/a-/ALV-UjV7YUIXQ53kh0Yp2Q51NwgUlLtc69d5jpU3ThRTzXvjwHKRRBo,The app is very glitchy it keeps on crashing some buttons on the page dont work. If you add payment method as Card on Car Hop feature the app crashes.,1,0,1.3.1,28/02/2026 17:57,,,1.3.1
7a562a95-330b-4421-9e85-e931038a3dd2,Rabia Bibi,https://play-lh.googleusercontent.com/a/ACg8ocLPDXIPWPpVoaKIyY0jlBEDqFjRSY9ZzbE-v9pT4jRd_Fg_0Q=mo,"very good app, i always order from here",5,0,1.3.1,28/02/2026 16:48,,,1.3.1
7e47d768-31de-4b75-98a5-5dbad431ce04,Humaira Arif,https://play-lh.googleusercontent.com/a-/ALV-UjXy52UP4vnA12YVwrXNXww_uHMYiCdunhuJZWO5OAltGSKZk3jr,over priced and small size.,1,0,,28/02/2026 13:30,,,
92cc284a-ac31-4bae-9bab-2adae228d770,Mustaf Ch,https://play-lh.googleusercontent.com/a-/ALV-UjWHooILufZB0keJDiFp1aqeSlJLTQ7bEdllMFZT5fdxMyRSYogs9w,i love huzaifa bhai,5,0,1.3.1,28/02/2026 13:18,,,1.3.1
c6a155da-83fc-40dd-8e3e-a57f4fe457d3,Ali Ahmed,https://play-lh.googleusercontent.com/a-/ALV-UjWDjOJ9CSHokVzWjTxmnOrG2OvjF_uE7LCiMaaZXUB3LGflW03o,"I downloaded this app after seeing your ad about a promo code for new users. The offer looked great, so I installed the app and placed an order. But when I tried applying the promo code at checkout, it said the code was expired. That’s really disappointing. Advertising an offer that doesn’t work feels misleading. Not a good first experience. Please make sure your promotions are valid and updated.",1,3,1.3.1,28/02/2026 12:23,,,1.3.1
b31ba8c8-ca79-43a0-a896-2c9793b274bf,Muhammad Naoman Mohiuddin,https://play-lh.googleusercontent.com/a-/ALV-UjVDpSl3u28vdHYWuemT69nEmUfcnAWTVIt5cX-EKzAd8zCZmz67Ag,Good,5,0,1.3.1,27/02/2026 16:26,,,1.3.1
6b82b281-dde6-4b6d-98bb-578bb4e145be,Raja Muhammad Alisher,https://play-lh.googleusercontent.com/a-/ALV-UjWMilPB7qoEpm1uxG56-aIrou4Zu4Vbb4cAznbveW43Ny_7Ag8,verygood,5,0,1.3.1,27/02/2026 12:02,,,1.3.1
37d0748a-321b-4969-b869-2ef7b1dcea88,Husnain Tahir,https://play-lh.googleusercontent.com/a/ACg8ocIpsqaiITpDpzG-sexOuyke86pKYnMJUdNhXXIl1ypI2z4SKA=mo,good luck,5,0,,26/02/2026 8:17,,,
d12cd1c3-afe2-43a1-8193-9ee8c4254a2c,Hafsa Ajmal,https://play-lh.googleusercontent.com/a-/ALV-UjXIZbZ9wfXnSQIYYMTdFhkQGZJdXDfVfDZew6U47EOXGolGMlFn,great taste 😁😉,5,0,1.3.1,20/02/2026 17:50,,,1.3.1
9e00e9c8-157d-4c03-85a7-cbd681bf143e,Sadia Azhar,https://play-lh.googleusercontent.com/a/ACg8ocK-AaZ434dDHx8cbGNFecVui1awsdxxDzYPFtLQ8E0M7XZ-Eg=mo,very good,3,0,1.3.1,20/02/2026 15:08,,,1.3.1
12372892-30f2-489e-b18d-90f7a927158f,Aiza Habib,https://play-lh.googleusercontent.com/a-/ALV-UjXSNO14388xMNoDrJBXtQ1anmQkBwSDfL7NW_ldjBnGanPno6Lp,"I installed the app, it kept saying to update, i even install it again and still the app not working Also the app unable to detect my region area dont know wat to rate but yeah i havent even tried it yet",1,0,1.3.1,20/02/2026 11:49,,,1.3.1
2f30fe3f-281c-4d04-a05a-d512225d998b,Asaam Ali adnan,https://play-lh.googleusercontent.com/a/ACg8ocIAHeJ9Y4Luw85-F9zGhFzmzttzctTjt7s6D5dJp5rzvWIwqQ=mo,best,5,0,1.3.1,20/02/2026 11:08,,,1.3.1
66a06364-8b08-4533-9dda-26109585259c,Ather Mohiuddin,https://play-lh.googleusercontent.com/a-/ALV-UjUvXbw6-GKoQreYBJHUe8DMZ_fgkxUIDrNFTiKx5sAbObF4fXM,just downloaded it and it's asking for an update,1,0,1.3.1,20/02/2026 11:03,,,1.3.1
074a8fca-b9e5-468c-b275-cbb6c15cd0da,MR RKT,https://play-lh.googleusercontent.com/a-/ALV-UjUiTyGG6sVqnNm4CSu0Q2Z2rlpNNKeRZfh5IWmc5On-gY8il2KP,ٹیک آوے تو بالکل بھی اچھا نہیں کرمبلز کا آئس کریم کپ کے لئے کوئی بکس نہیں مہیا کیا جاتا۔۔کسٹمرز جنہوں نے نزدیک لے کر جانا ہوتا ہے مشکل پیش آتی ہے اور آگے گرمی کے موسم میں تو اور بھی مشکل ہوگی۔,1,0,1.3.1,20/02/2026 9:15,,,1.3.1
ff73f89a-a1f6-439e-b1c5-18c990de957a,Mujtaba Taj,https://play-lh.googleusercontent.com/a/ACg8ocIOO2OKg7_3-S1SyH889AeLvl4geqr6pOIy9_6rd-cfR9liwA=mo,I like it,5,0,1.3.1,20/02/2026 1:50,,,1.3.1
36418175-c39a-42a2-9b07-00a83e252b05,Hassan Shehraz,https://play-lh.googleusercontent.com/a/ACg8ocK8JybCD8yYp4mYY1bVL0yrTtBOcGcYyG8i0BRFtioKBIUqHw=mo,kindly add more location of Lahore.,5,0,1.2.9,18/02/2026 18:16,,,1.2.9
96459605-dc4e-49a8-ae52-ee68dcd6043d,Soda Milky,https://play-lh.googleusercontent.com/a/ACg8ocK2IXBtxk8v9Amd7DVs0LsKaiOVdOUYi7XaTkt4EleKD6H8gg=mo,Such a bad experience. It keep showing error . Worst app!!,1,0,1.2.9,12/02/2026 17:39,,,1.2.9
eb6d4d3d-2534-4d4c-84c6-f60d173b7958,Shaheen Noor,https://play-lh.googleusercontent.com/a/ACg8ocK2ZIu77penGCD35MCog_CfiF45fCMVmS8hR-1W_Oz3q7gPaw=mo,"There is so many flunctuation during ordering , i have tried to order from multiples phones but app is constantly showing error . It has wasted my time . Kindly fix the problem to aviod such issues",1,2,1.2.9,12/02/2026 17:00,,,1.2.9
0a4f1fb4-4cfa-43cc-8606-d23709f0c3a1,Faisal Bokhari,https://play-lh.googleusercontent.com/a-/ALV-UjWSaEQBUwzGwGeKotNg3Wt3nG-ZFU80t3Z_icc6CIIiTFZrQtRhpw,very bad miss cummunicat regarding promo discount didn't give discounts,1,0,1.2.9,11/02/2026 16:28,,,1.2.9
b245e2d9-07e0-437e-9942-28ffb896a4cd,Ahmad Hasan,https://play-lh.googleusercontent.com/a-/ALV-UjWaxY10YQovM63aVi83uT82i_ysha00Ei9fQbWPq994jjWgkoyj,Horrible app I cannot find my area on map and buggy as hell. I had around 188 points i tried to use them while placing an order the checkout screen bugged out. When i restarted the app they were all gone and the order wasnt placed.,1,7,1.2.9,09/02/2026 16:03,,,1.2.9
3764ade5-7928-475d-b7d1-2d1093d1886d,Akbar Lodhi,https://play-lh.googleusercontent.com/a/ACg8ocJGc8WeHYciUShFFvxImHmW6WrY3cU_3qn92Qm3viK3_qC5Cg=mo,best cookies in town,5,0,1.2.9,09/02/2026 11:15,,,1.2.9
190571a0-2217-47c4-a7e2-85bcdf405b53,sarah mohsin,https://play-lh.googleusercontent.com/a-/ALV-UjUXDgIqFBzwXGxvsE4uOoa-Y0uAykT1pU2Hc9G1TBllNnXrKB1i,Very delicious fresh cookies. Taste even better when paired with soft serve.,5,2,1.2.9,08/02/2026 14:28,,,1.2.9
57971072-f4ee-41e6-8b02-82b7d674a253,Wajahat Tayyab,https://play-lh.googleusercontent.com/a-/ALV-UjWzIl_xdhx4yLCHXbgqbQMasB0R4avV9r5gdfCVXQpe7LUV4DRt,It doesn't even deliver to my place and doesn't have it in the list.,1,0,1.2.9,07/02/2026 19:51,,,1.2.9
35b344bc-2765-414f-9fe7-eaf6d6afb2d4,RABBIYA AHSAN,https://play-lh.googleusercontent.com/a/ACg8ocJW4LwywKnhEJCim45sB0A_NWGrfKBiSQmYGiW3gm8BbqjzIw=mo,Yummiest,5,0,1.2.9,07/02/2026 19:49,,,1.2.9
00a2381d-1cb8-4f3c-ad5a-024146f4bc9c,Hifsa Kayani,https://play-lh.googleusercontent.com/a-/ALV-UjVMRiSQwHsbRfCoQSMNc7eUCqPrWt3HYbkrWfoASNrJARGetKH1,love it 😀 ♥️,5,0,1.2.9,04/02/2026 19:00,,,1.2.9
c683d698-1f00-4a9f-8514-4e13eee89e74,Fatima Junaid,https://play-lh.googleusercontent.com/a/ACg8ocIirBuBsJF25glRZZM2rau1KzNb7OlODuCZVLyDuWQJeeqd0A=mo,"Taste is really good, costly but work the experience👍🏻",5,0,1.2.9,03/02/2026 14:52,,,1.2.9
0f97597c-13c1-4c32-91a8-044058b42f4e,Bilal Omer,https://play-lh.googleusercontent.com/a/ACg8ocKIfQKGi1VrAGECfpunvWSM5xk8cP5LDH9XAOf_DxCLyRtyCw=mo,JUST LOVE CRUMBLE,5,0,1.2.9,30/01/2026 15:42,,,1.2.9
4b9b12e7-a16b-400d-80c6-da754c9bba1b,Tariq Ali Butt,https://play-lh.googleusercontent.com/a-/ALV-UjV9trtOz7kKG8fZlY6TodONZlvIuNIV32ZCEG4ZTjfC6K71gQ31,kindly add Ali Park and other locations,1,0,1.2.9,27/01/2026 19:24,,,1.2.9
176c1576-1cc5-4874-aa72-7886635d5e15,Muhammad Qasim,https://play-lh.googleusercontent.com/a-/ALV-UjVSxXpm-y3fbnp6aSiurJSbztcS8iFlsoLBnblZiDjvyuVWrcxw,good taste,5,0,1.2.9,25/01/2026 11:48,,,1.2.9
60c2452b-6ce9-40f8-a7bf-a210f4af2179,Muhammad Farm,https://play-lh.googleusercontent.com/a/ACg8ocKtMuGMsPIsdS9EaJ8fNDu16OkfEZYTk5qcCfSo4OWs778t-A=mo,can't order from nationwide. only Rawalpindi lahore and Islamabad.need a fix,1,0,1.2.9,21/01/2026 23:01,,,1.2.9
6ee5ecb3-7f48-4182-bc24-29ddb168486b,Abdullah Munir,https://play-lh.googleusercontent.com/a/ACg8ocLkomxwAxq5rt0WDc6-xXG_aKCjBu5nuyOEylTIZDMVyk3UoA=mo,"There is no delivery option for Model Town Link Road. Only blocks A and B are present, which fall way outside my area. I can't order because of this limitation.",1,3,1.2.9,19/01/2026 14:05,,,1.2.9
16ca93d3-d3a7-426e-99b1-dc85528e47ae,Noor Fatima,https://play-lh.googleusercontent.com/a/ACg8ocIZOo79FHZJEGuZS4ZN54wFUCEB2r5ee2yIf4BtArz2xNOVxP0=mo,it is a really great app I've really good experience and there is 20 percent off on first five orders amazing!,5,9,1.2.9,18/01/2026 13:31,,,1.2.9
2ccae51f-e719-46b2-b651-dcca3470aac8,Tayyaba Hafeez,https://play-lh.googleusercontent.com/a-/ALV-UjUU1RrZB0wRwZuuJ-40n2-C87R92w-xG6n1AQV3cow3fk82vzYK,please add Khayaban e Ameen G Block in main address area. all blocks name our their except your loyal customers block 😭,3,0,,13/01/2026 17:06,,,
3d536370-8f17-4a6c-8222-675970080cd6,Tooba Fatima,https://play-lh.googleusercontent.com/a-/ALV-UjXJpMoGErgIFTJBmkepNn1U6hzeHtdqo_wX2Vo15ko7e-rdEJg,haven't tried trying my best to get it but unfortunately they don't deliver in Karachi 😢 that's why I'm giving two stars,2,0,,13/01/2026 13:26,,,
4faefec6-6487-4169-8421-c6443372b004,Zed X Rebel,https://play-lh.googleusercontent.com/a-/ALV-UjXDrGqpvim2q4rNDRMHfR4O319UB0hgoBfpcAW3srrl4gd-Qlp-Og,"ASSALAM O ALAIKUM! YOUR COOKIES WERE ABSOLUTE DIVA! BUT, THE ONLY PROBLEM I HAVE TO FACE EVERYTIME WHILE ORDERING IS THAT MY AREA ISN'T ON THE CRUMBLE MAP. SO, KINDLY ADD THE GULSHAN -E- RAVI AREA ON YOUR MAP. ALLAH HAFIZ",3,0,,11/01/2026 8:16,,,
08822ceb-6ff8-4385-9294-eff9d75854ca,ihtasham chaudhry,https://play-lh.googleusercontent.com/a-/ALV-UjUtq8u92W-6YzDJJgVExbBp1fNZCbgTIDib2oHG9XA1GNu_wXGW,very great and soft cookies,5,0,1.2.8,08/01/2026 12:53,,,1.2.8
98be64e0-7664-4ce6-8865-c09e457ec360,Existance Summiya,https://play-lh.googleusercontent.com/a-/ALV-UjXskOBCOn4msOF_y56MGFPNXPwoJrmz1kK8xvjmJkh1avPF6Mv9,always fresh and crumbling and melting in the mouth.,5,0,1.2.8,03/01/2026 14:13,,,1.2.8
28a4733f-70a3-4995-a357-4b209f12b507,M. Link,https://play-lh.googleusercontent.com/a/ACg8ocI1WRd7VAk9i_jDdo-jXYLvrTrIX8vkkDId9lkD8W_Yl9bKRA=mo,this is so expensive,3,0,1.2.8,02/01/2026 16:32,,,1.2.8
ea507501-efea-4d57-8bc6-8829d13e4829,Ali Shaikh,https://play-lh.googleusercontent.com/a-/ALV-UjXr-2ewytWUzuk1K8ZxOu2jfq8RyzUPKFPKZfdLwbQoe8PdYuq4UQ,yippee,5,0,1.2.8,22/12/2025 9:34,,,1.2.8
ad68f49f-b6a0-4b2b-861a-c4c7a93cf4a4,asbo01,https://play-lh.googleusercontent.com/a/ACg8ocJw7xBiIkSL3kICVNlZ2T2b19lE4X8I904OvJCy2Ntt6y6l=mo,I don't like the Pakistan one because I'm not from Pakistan make a UK one,4,0,,15/12/2025 23:29,,,
8ad4bcba-0df1-4a06-8e3f-21b4c591e38d,Ali Sameer,https://play-lh.googleusercontent.com/a-/ALV-UjX_MhS9pbOxjzS86wHwu2qEeJ2v891bEHZaI47xmnuR-4LG6sg,unable to get delivery in india 😭,1,0,1.2.8,06/12/2025 3:01,,,1.2.8
7729bbea-f7cc-4390-a590-fa02b4f13aa6,Mahnoor Javaid,https://play-lh.googleusercontent.com/a/ACg8ocJum7mrZNbUo8wma7u9h_NWQOW1YgR2wWM3nrPHWQmkzwzhVg=mo,If the order is more than 1000 than delivery should be free.,5,3,1.2.8,28/11/2025 15:32,,,1.2.8
163085b1-90fe-4265-b7f0-8d04c47afb6f,Omer Khurshed,https://play-lh.googleusercontent.com/a-/ALV-UjVMAHJPZpPX9kMy-fP4POvYZJpIUuta19OsZcLwTrnBkkt1Yew,served cold mostly. tastes like heave,5,0,1.2.8,28/11/2025 15:15,,,1.2.8
470129e3-cb76-43f7-bd9d-55059895e2cf,Atef Ali,https://play-lh.googleusercontent.com/a-/ALV-UjWv-_CGAXqU4j2igkdPQ6qU1zG0bFgLxcaDn1CfT1FiYFXMA87DTg,The best cookies in islamabad /rawalpindi,5,0,1.2.8,24/11/2025 18:23,,,1.2.8
34ca3307-ca21-438d-b625-9bf018ef5ca1,Google User,https://play-lh.googleusercontent.com/a/ACg8ocIE0bcugyexS_xb-mMV0Z3674FnQhOQBcaUie6czP5IY_PCYcM=mo,"took 30 minutes to place order, otp failed error message ""something went wrong"" after entering otp.",1,0,,23/11/2025 16:37,,,
067cb670-1c13-4a74-93e3-380952140682,Saim Jutt,https://play-lh.googleusercontent.com/a/ACg8ocKdDvME_GtsiaUDRdeoTdZgYeQ7cEmX9QpVuKtMXjYu5iTn7Q=mo,very tasty Cookies and yummy icecream shake's 😋 I love crumble F-11,5,0,1.2.8,19/11/2025 6:07,,,1.2.8
6d8c4d57-d42f-40c1-a643-4a908d3e751b,Azan Raza,https://play-lh.googleusercontent.com/a-/ALV-UjWUODLxtWw7y8dc7fWVfCEXK6pMpADxgV3ASxUxQ3sNdUxCHq4,pls bring delivery service in Lahore and fix the app it is nait working,2,0,1.2.8,15/11/2025 19:18,,,1.2.8
4f44eaf2-3ad3-436c-a757-65f28f902ca0,Ibu Donn,https://play-lh.googleusercontent.com/a/ACg8ocLsWkI_J9qmCxShtlAJEvlCRxApxy6tabLILlapy10QMdwBWg=mo,very nice but expensive,4,0,1.2.8,15/11/2025 11:31,,,1.2.8
057f3b5c-b97c-4b64-9a8f-175f0d804cb8,Syed Amir Qazi,https://play-lh.googleusercontent.com/a-/ALV-UjU9R8VC6D9_Fbu4jMvZ2Kwjl-kPoNCDrfKgEQNnFMZLo5Fn53yS,best taste ever,5,0,1.2.8,14/11/2025 10:34,,,1.2.8
09022638-b6f1-4976-8bd2-ee777414305e,Tayyab,https://play-lh.googleusercontent.com/a-/ALV-UjXJ275pQiWcAevmDbMFehO62hSXc8FHMYeI5vLCTUGgdjfx-LIJ,U guyz areee way expensive n its getting out of hand on how you people hike up the prices in a matter of months. Dissapointed,1,2,,12/11/2025 20:02,,,
1c2166f8-1663-4274-bee7-879e78d662a8,ameir ansooqi,https://play-lh.googleusercontent.com/a-/ALV-UjVmscbO8QOVSxTedguQKPfbsMyOIwQMzao2B9Kq3V6DhMVaKxI,"Nowadays they're behaviour is rude no promocode, Offers",1,1,1.2.8,04/11/2025 19:03,,,1.2.8
048a0e47-12c9-4e62-9897-546cfb1d64b2,Tehmina Usman,https://play-lh.googleusercontent.com/a/ACg8ocKHIzQaSm9BMUG0r8NF3gO6oawvMr9mqP7Z5pIIu8PA7l2pyQ=mo,Good Cookies but not hot,4,0,1.2.8,31/10/2025 9:34,,,1.2.8
ea5bad08-dcd9-4cb1-9807-3b39c155af6e,Abdullah Zafar,https://play-lh.googleusercontent.com/a-/ALV-UjVjgYAhpeplk4TddP1UVwufAQTgTrCRbRf35dj51dzS3f3jlk_M,noice,5,0,1.2.8,29/10/2025 18:28,,,1.2.8
81bd3c82-5fe6-4ea1-9ae6-237e56c44f5e,Zubia Sharif,https://play-lh.googleusercontent.com/a/ACg8ocIPjQZ6FUGs_KOosnxAYeptgKOhMpfHP9F6dBrLoCVAawLB9Wx3=mo,excellent,5,0,1.2.7,28/10/2025 15:07,,,1.2.7
ee291b3f-1a7b-45a0-8d32-ef8ae53a01dc,Waqas Khawaja,https://play-lh.googleusercontent.com/a/ACg8ocL7ne_onfQB9jz7gB82yGshJ7FlFYVApneLqLOo1a0rhcwx7Q=mo,"A very disappointing experience with Crumble. I placed an order and was told the delivery would take 45 minutes. After waiting, I called the helpline, and they said they would call me back in 5 minutes. When they did, they assured me that the order was out for delivery and would arrive shortly. However, 30 minutes later, the rider called asking for my location — and upon inquiry, I was told he had just received the order and was still at the branch. This level of dishonesty and misinformation is",1,7,1.2.8,25/10/2025 17:58,,,1.2.8
68004ed0-ec79-44d3-b194-0f39f15d145b,sirshad se2,https://play-lh.googleusercontent.com/a/ACg8ocLlZEMT0gI45uxZ-7yRefFb-BbtLEqYrIs0GhHSGgEx1GCpuw=mo,too slow,2,0,,14/10/2025 14:29,,,
ce4600a3-e213-4409-a713-145d916f9dad,Nauman Anwar,https://play-lh.googleusercontent.com/a/ACg8ocIzR4WuSVUn-j7eoRVqZIGiFGSEymki4BruHsDDdYnINUZJ2kY=mo,"The login process is hectic, nit user friendly at all.",3,0,1.2.8,14/10/2025 13:19,,,1.2.8
0ec34e45-3e5f-4f37-ab15-94b25d2b135c,Faizan Ahmad,https://play-lh.googleusercontent.com/a-/ALV-UjUZGHJcoCJqea1tQVi1i-xb1PO9fhs_I5cYc6LgRNvtDhRn0-JA,"worst app, payment doest not work",1,0,1.2.8,09/10/2025 11:12,,,1.2.8
98706a58-c892-4849-9f6a-715df2e0cf13,Prince Sebu,https://play-lh.googleusercontent.com/a/ACg8ocK2DpN5vfNtiOHJtt1Jeaf31OLa5pGZFhblMtnCMrlNP-OFDg=mo,noice awesome,5,0,,08/10/2025 17:22,,,
aee5cda5-2552-4f53-862f-4eeb35cffc5f,Qamar Farooq,https://play-lh.googleusercontent.com/a-/ALV-UjX65QPVG5zpcdhQfdiYR5jA4-T6UAg-uuaUQl0SGwLp7UIJyRA,location error lame,1,0,1.2.7,04/10/2025 15:44,,,1.2.7
3d75d18c-7b45-4123-90c9-aadeed8b2fba,Ali Asghar,https://play-lh.googleusercontent.com/a/ACg8ocJZ0k-bbk6wiuzJxRRkpt50I7OK3ZdlRYLcd1u4RktIEgg00w=mo,payment process system is too slow,1,0,,02/10/2025 10:00,,,
d73e9aff-77e3-49e7-8adb-a951ac25c481,Nadeem Qureshi,https://play-lh.googleusercontent.com/a-/ALV-UjVNHkGWNSaltdWd4LxCmBJ_GVkK49AMZfDQWb-hT8veTaO0_6xq,no proper service provide to their customers I ordered my cookie on 1 pm and they call me at 7 pm this is their service,1,0,,29/09/2025 14:34,,,
e5920dc0-f9a5-4695-9d8f-f7e56804eabe,Mehwish Khan,https://play-lh.googleusercontent.com/a/ACg8ocL96CRREz7yGD4GmEYBfe21LeZjH87WR-2r9tY2kJGYVCeITA=mo,red velvet lovely,5,0,1.2.7,26/09/2025 16:04,,,1.2.7
b25bb73c-7888-4b21-afdd-c8a9e3ba371d,Rana Fareed,https://play-lh.googleusercontent.com/a/ACg8ocKoyWJj77ehMe2P-xVZvB89drG5_C5GJDLYssHCug57HSi9qw=mo,its my love 😘😘😘😘😘😘,5,0,1.2.7,24/09/2025 19:07,,,1.2.7
e3bb4daa-22a4-4d07-9507-de25eaa335cc,Syed Ghufran,https://play-lh.googleusercontent.com/a/ACg8ocJxW_ZcRYHs2EmAzUj-Qli37JRyMDlWJMsxHm6zq1-wC7UCwA=mo,best,5,0,1.2.7,21/09/2025 19:43,,,1.2.7
2f8f1f41-2fef-46c9-9711-d2af97249fc0,Ammad .M,https://play-lh.googleusercontent.com/a-/ALV-UjU4X5M97-L-eMX5ReoWZuVFTZne2dFafHT3-phK7uQYUA1Ggjcp,"when i first tired it, it was soo good that i had to order 5 more for me and my family , plus it is also affordable and tasty",5,6,1.2.7,21/09/2025 13:48,,,1.2.7
97fbb630-3576-4714-b4c3-9ebac48fdf2e,Amoon Riazat,https://play-lh.googleusercontent.com/a/ACg8ocJCUJVyNXOBniNsLnTuAwM1s2_sMeQkwYn0vdiD353UoVGx-w=mo,Good,5,0,1.2.7,20/09/2025 6:45,,,1.2.7
8d040639-2604-487e-bb76-c2a60aa366b0,Click s,https://play-lh.googleusercontent.com/a/ACg8ocJPYckA2UIjoy1BJD9TqBV1E2uQELtUIzKD5Gnb-ylUEACQ1A=mo,"i order 3 times and almost all the coockies are super delicious, freshhh and perfectly sweet also the packaging is very easy to carry I love how they offer custom gift packaging cards etc, my fav: walnut and hazelnut chocolate cookies🤌🏻🤌🏻🤌🏻",5,11,1.2.7,16/09/2025 8:27,,,1.2.7
685f34d7-0b30-4657-ab54-f3bca94776a0,Adnan AD,https://play-lh.googleusercontent.com/a-/ALV-UjW4wBV9cZTI83FAysFzo31thuEJWcjPosFYACXK3NH3B_Zp4Kv6,app needs to be upgraded,1,1,1.2.4,09/09/2025 18:02,,,1.2.4
911256c1-49a7-42ce-8072-ddaefa23ad09,Ayesha Aqeel,https://play-lh.googleusercontent.com/a/ACg8ocLfOQiavUz7PkxVQ5SlGtm_AGquCxVTvyUjFTwYoiYCMkA9FQ=mo,"very tasty cookies, especially when hot",5,1,1.2.4,04/09/2025 8:35,,,1.2.4
b97456a7-9da0-43b2-8e51-a703c914aa81,M. Aaliyan Akif,https://play-lh.googleusercontent.com/a-/ALV-UjWT1beIVDZNxEhCP30QInLjDoZbciYEMt45TBshhb0ywMeZcEuGGg,no interactive UI,2,0,,01/09/2025 10:16,,,
e591ced3-028e-407e-9c78-2ccb5bad923b,Ayza Waseem,https://play-lh.googleusercontent.com/a/ACg8ocLOXiPi8xFZliNAmUVDuGmnRIL8WBwjngTRA0IlXhfD8_z2HQ=mo,good but ye lahoreeee ma delivery kuuu nahi haaaa,5,0,1.2.3,28/08/2025 17:07,,,1.2.3
9bcbfc3f-5421-4158-a54f-333fc0e47ed4,M. Y.A.J,https://play-lh.googleusercontent.com/a-/ALV-UjUQjn82hnwE6yS0t-3Vr_r_Ens064Aw9DW7TxihBvisWmP21Y2k,It's different but tasty to order again and again.,5,4,1.2.3,24/08/2025 16:35,,,1.2.3
30c08c88-e3a1-4ea2-9032-c8407e54b4b3,Muntaha Bajwa,https://play-lh.googleusercontent.com/a/ACg8ocLnQoWX9Xb5Lhl7IDmgtTp91vkLyF0rjmHyOqXOZSLlm_T2cFyP=mo,"I really love the cookies, they’re honestly so good! I’m giving 4 stars only because you don’t deliver to my area near Rawat, Pakistan Atomic Energy Society. I really wish you could expand your delivery spots it would make things perfect!",4,7,1.2.3,17/08/2025 15:19,,,1.2.3
640b1929-8b1b-4a52-99df-4f651e27c986,Zaman Ali,https://play-lh.googleusercontent.com/a-/ALV-UjUztEz0che7izXncSf_n8VX1SLjj1q_EKpvKg4F-QWFX16t_wpH,doesn't work properly,3,0,,16/08/2025 9:26,,,
d9524f58-4e56-4752-a244-17c77dbbcf53,Syeda Hajra,https://play-lh.googleusercontent.com/a/ACg8ocI2a4NnoajUi7Ns2Ef43CScE99_mCeg4sYlPFCkn6TKlXvcbA=mo,There's no option for delivery in Lahore :(,4,0,,10/08/2025 8:18,,,
93ce0f58-a360-4c89-a3b7-0a6a9b4c11c3,Uzma Shaheen,https://play-lh.googleusercontent.com/a/ACg8ocLXHP2g5OnEKOmWvNt6OYnF7O-Ru4e-gDPvPmEGoE_XjvKF6g=mo,credit card payment option isn't functional. it was a really frustrating,3,0,1.2.1,09/08/2025 12:23,,,1.2.1
21d4d630-7be2-4d86-b44f-d562ad21a000,Tayyab Saleem,https://play-lh.googleusercontent.com/a-/ALV-UjX8N3nTj3jeQS9jrR0wl0Oqp2w5HFQvIp-UaKcTr34LTZEqXbuu,"credit card option is not working, i am first time using this app and my number is already registered and even i myself cant use that number because it is already registered 😞 it should have an option to get through authentic user.",2,0,1.2.1,04/08/2025 17:18,,,1.2.1
cdfef4ec-26c9-4a77-b9f5-fa10da387604,Rubina Rafiq,https://play-lh.googleusercontent.com/a/ACg8ocKKM87swoOklEbDu4bxlAPr3Y-iuMut7Ja1ZHfrrI82l0wNwQ=mo,♥️,5,0,1.2.1,03/08/2025 12:07,,,1.2.1
99cf24a9-0c6e-4f7e-bd8f-eec0684fc0b4,MSN NSR,https://play-lh.googleusercontent.com/a/ACg8ocLIw6Kj1t1wA-z1DOP63tzr78h_pDqlut5FRGjFONJ_HzEv4pA=mo,please also put Lahore in your app,5,0,,31/07/2025 15:58,,,
283c7075-b2fd-4f15-9e37-5f294700f463,Sheikh Ali Ateeq,https://play-lh.googleusercontent.com/a-/ALV-UjXgT1VZgsv0kdWOcjeG6aV9aRzZSmZa4YFzQk0owDG8CobiartC,pathetic,1,0,1.2.1,29/07/2025 17:39,,,1.2.1
6dc4b38d-6211-4b32-9b47-06b6ee25e3da,Aisha Waqas,https://play-lh.googleusercontent.com/a-/ALV-UjVeQuGx5RJ94DKvdKwjp9ewva1hraUOei-CYZh1_EJFkeH5bx3vGw,"Worst ever experience. I ordered 2 chocolate chip and 2 other cookies. Instead of 2 chocolate chip they delivered 2 croissant cookies, which are the worst I'd even try. Please always check your order before paying as cash on delivery. I'll escalate this further.",1,2,1.2.1,28/07/2025 18:33,,,1.2.1
1e0a31a8-fec6-41dd-b474-f45216162530,Maryam Akif,https://play-lh.googleusercontent.com/a-/ALV-UjUQ8vwo7vvu750ut2j0j5-juwwcRZrLFRC_eLBoF6JLwIfwmIDUqg,Payment gateway is the worst I've ever seen,1,1,1.2.1,27/07/2025 17:36,,,1.2.1
12978b7c-af1f-4fa0-b47d-144f32f04e99,Hajra Kazim Mirza,https://play-lh.googleusercontent.com/a/ACg8ocJCWf_bnHW3XwmCKvvDoIw332aU9zLtnSNewQuZ2jy_ETBCIQ=mo,AMAZING 😍😍😍😍😍 I LOVE CRUMBLE,5,0,1.2.1,26/07/2025 16:48,,,1.2.1
ce7133db-6398-42e8-b782-d76690a30d65,bravo falcon,https://play-lh.googleusercontent.com/a/ACg8ocIph7dqcEgADfuUzwgmQxmOJF0pEAkaPiWHC6tFhtZN9IqSoA=mo,Limited delivery places/aeea,3,0,1.2.1,25/07/2025 17:12,,,1.2.1
11ed4417-a6aa-4544-96c4-44f05f6bdab6,mohammad yasir,https://play-lh.googleusercontent.com/a/ACg8ocIiSYCgeTdheCM8cfvzK0-Jm6pvy_Fpk_2ODgWIFhQlCAoMEg=mo,Best cookies,5,0,1.2.1,21/07/2025 13:07,,,1.2.1
746827b6-8b5b-46f2-ba42-de552a3822a4,Syed Muhammad Ali,https://play-lh.googleusercontent.com/a-/ALV-UjVDlYcJaDJNjojbiqRk8n2LSyGZbCah8LuQxX-0GFnNm7klrumC,good,5,0,1.1.9,07/07/2025 17:26,,,1.1.9
2a17a608-2d4e-4490-a2ca-3c8e6bf3f91b,Ibrahim badar,https://play-lh.googleusercontent.com/a-/ALV-UjWXIwHphE1X_5cY5iqLmavUq74aia_XgtiDb6lEYmSWKAUSRwxO,I like the cookies tallals not sigma,5,0,1.1.6,04/07/2025 17:27,,,1.1.6
0cb0db5a-dc21-4549-b439-1ef739714727,Salma Murtaza,https://play-lh.googleusercontent.com/a-/ALV-UjViul5MLkHZL99hUYs0UJizO9or_mtq48FywudIxadoUcTSeAUw,best cookies in town!,5,0,1.1.8,04/07/2025 10:32,,,1.1.8
56a4efc6-4032-4137-af2e-49621c091fc5,Muhammad Javed,https://play-lh.googleusercontent.com/a-/ALV-UjUdldYSoJcQW5rIw5cIMh0mazJU0chjmlulbKL9dGtt4YB0hbY,The test was very taste and the rider delivered it to us quickly and the packaging was also very good.,5,6,1.1.6,22/06/2025 11:18,,,1.1.6
52d431d1-cd95-4a30-8d7c-04fcd3883653,Ayesha Javed,https://play-lh.googleusercontent.com/a/ACg8ocLhQq8DvuD-hnc57uSayNEXO-ahPWITYxJpRpN7LETDQbl1JA=mo,horrible experience i waited for 1 and half long hour just to satisfy my midnight craving for some classic metha and what i found was all broken cookies. the app wasn't working properly and live tracking is an absolute fail. really unhappy this time,2,2,1.1.6,15/06/2025 19:03,,,1.1.6
32820151-5934-4582-8ba3-c09426a5ac2f,Sardar Nasir,https://play-lh.googleusercontent.com/a-/ALV-UjUd2OVIj1QzOGzYA-VvFJJ0456QNuHl42b3Ta2nV4T1qktvd7qQ,The best Cookies ever ate and The best jolly owner ever met😅❣️👌👌👌❣️,5,0,1.1.2,10/06/2025 18:24,,,1.1.2
6a45e2b5-7dac-4084-850f-c5201545338c,izabel Ephra,https://play-lh.googleusercontent.com/a/ACg8ocIJXmfOswGQQzgwicRz5sHG46vyvlVOIP4RE9Uy1G59ANBWsA=mo,best,5,0,,04/06/2025 13:34,,,
9a45ac78-f2e4-4118-a041-27474222ff42,Abdullah Wasim,https://play-lh.googleusercontent.com/a/ACg8ocIhfSA1q7c5bblmLu8BcdQ5gsmDbJ_IRD4bH-7_UGVNrv4P2w=mo,g.o.a.t.e.d,5,0,1.1.6,02/06/2025 17:30,,,1.1.6
fd4ff247-4167-44a5-9285-0e2df2cfa5c2,Atiya Qasir,https://play-lh.googleusercontent.com/a/ACg8ocLuH42D2ATZe6TDXBt0X3L_G0NdqzcPwETQoxuh_6_7boRDRw=mo,very good,5,0,1.1.5,20/05/2025 12:09,,,1.1.5
f6337b55-16b5-4d80-a64e-d63cedef9613,Mustansir Murtaza,https://play-lh.googleusercontent.com/a/ACg8ocI5LRqbOzR3rqYwGNlU8nvKyFPWtkQcKrp2s0bWaMwc_uYTSg=mo,please reduce sugar its extra sweet,4,0,1.1.5,18/05/2025 16:53,,,1.1.5
a3e5868e-6d2a-4869-93e8-087dd9257215,Muhammad Ali,https://play-lh.googleusercontent.com/a-/ALV-UjWwWuPGfoIMS8NyS2leUEBNwJKvsw2gp1VQVhFr1YOI900Yv_ot,Nice and smooth,5,1,1.1.5,17/05/2025 19:32,,,1.1.5
fc766dff-f7ab-4ceb-ba68-4a6457d693bf,Tehseen Faisal,https://play-lh.googleusercontent.com/a-/ALV-UjU37ib5rk6nlZbyw7ORCMrhqi9f3wPdzgv99JH0agL4MuNrbC8,recommended cookies,5,0,1.1.5,16/05/2025 14:47,,,1.1.5
ef72a664-bdd5-4490-bcf5-a7c8927fc3bb,AbuBakar Op,https://play-lh.googleusercontent.com/a-/ALV-UjWR-kUGgQPNVhsSg5QmlDShmKJyGcJsRKsrFB5do5aBzOhag9Q,very good quality,5,0,1.1.5,13/05/2025 10:06,,,1.1.5
3b38bbf8-b617-41df-ba8d-740a91d4dafb,Muhammad Imran,https://play-lh.googleusercontent.com/a-/ALV-UjVax5mrjht4qq143Xlh9RGYd73uqFSyClVO3j6uZpIzdo0jB1eq,awesome app and great experience,4,0,1.1.5,11/05/2025 12:50,,,1.1.5
0a1af6e2-9d0e-461a-9e30-d04ffc9ed9e9,Musfirha Hamid,https://play-lh.googleusercontent.com/a/ACg8ocJJuBHRe5WZQRxCpJY-2EgeCA5eSq-rO-yqr9l_MBli5cZMVg=mo,Thori ziyada bari honi chahye cookies. Cravings bht ziyada hoti hain,4,0,1.1.5,06/05/2025 13:21,,,1.1.5
0b6b49ec-0d27-40ce-ad01-0d8c2563268e,Leo Atti,https://play-lh.googleusercontent.com/a/ACg8ocJEYKL_JDD8l8S3xOCGqsNqZFnbvMhbBAFqTRLRFsJCzPb8kw=mo,no delivery in Rawalpindi why ????,1,1,1.1.5,01/05/2025 15:20,,,1.1.5
4ac41475-a32d-4d63-bd87-84907a2753c1,Saleem Abbasi,https://play-lh.googleusercontent.com/a-/ALV-UjUlWLj-MrDCkh65vhwkXtlq2IggoVDl8ztPcU28rWNKKeAZHm90,💜,4,0,1.1.5,01/05/2025 14:26,,,1.1.5
ae50b917-e989-41c4-8bef-9082663dde67,Sana Umair,https://play-lh.googleusercontent.com/a/ACg8ocLJZGGfmjM3Fkh_FWc0l7z-MsqhpruO8AK-WZiYGvFTIeiU7A=mo,excellent,5,0,1.1.5,26/04/2025 15:11,,,1.1.5
07507444-acc8-427e-8cdc-d973b53708a8,MAlik ANEES,https://play-lh.googleusercontent.com/a-/ALV-UjW7pGURdqydgLLYNB1dCMfvvP3jpPzoqRob2R1RHN2KYBfkhYTk-g,wonderful cookies in Pakistan Proud of you Crumble Pakistan ❤️,5,0,,20/04/2025 18:26,,,
7cad3bf7-fa0a-4597-a123-3b0eae09d8ee,Farhan Waheed,https://play-lh.googleusercontent.com/a-/ALV-UjVyBgVTbJDqG5f18nka2HNvJaBLLuuhohXgzOA0tUVo2OC_rY4bJw,"Useless app, No delivery option available only pick up from the nearest outlet, which can be done without the app.",1,1,1.1.5,16/04/2025 11:40,,,1.1.5
86381c28-09f3-49da-a8a4-5ef3895a6a11,Ali Khan,https://play-lh.googleusercontent.com/a/ACg8ocL5kyZlXCb7Bk-WyNPC8SnGByTY-VTwIN_pMg1_vgWKKu7xJg=mo,Amazing 🤩,5,0,1.1.5,11/04/2025 14:08,,,1.1.5
bd6a7857-418a-49df-8af0-f5f4f75228ac,Hannan Faisal,https://play-lh.googleusercontent.com/a-/ALV-UjVdEPmZcUz_-yuIO_fk0fZRQkosNsKSMzAgB1Ma2UihOyu44LlG,Blinkit apps are bad. Crumble needs a better food app.,4,1,1.1.4,10/04/2025 17:41,,,1.1.4
5803c783-5ff4-475f-b4db-62d370248213,Rohi Ahmd,https://play-lh.googleusercontent.com/a-/ALV-UjXsLZW3DTIjsdC9Ub4kTEHEOv-qoGHE-PyYK9WMIySWznudT_Fo,ooooooh I love crumble cookies and my kids too...and the app is super easy to use 5 stars,5,4,1.1.5,09/04/2025 15:12,,,1.1.5
fb18c523-bced-40d1-a6e7-0834a5691bc9,SherMuhammad Khan,https://play-lh.googleusercontent.com/a/ACg8ocLD94tWDS_sIhISSMf0YL19SHexZjqAASNADk0XT8OMCCqYrg=mo,"amazing app, very intuitive and easy to use, beautifully designed, light, simple and efficient",5,7,1.1.4,04/04/2025 18:18,,,1.1.4
fc081c2b-1539-4546-9ba4-50218727540b,Shayan faiq,https://play-lh.googleusercontent.com/a-/ALV-UjXHEGyYEhmbMhOFAeT7ld18oIAlHqnSofXYmP0z3lddkYq4kP9JIw,server not responding error,1,1,1.1.4,04/04/2025 13:13,,,1.1.4
3f1cc8a2-65d9-499b-9a74-a0082f4e7b3f,Hamza,https://play-lh.googleusercontent.com/a-/ALV-UjUTsIjkXMDz1PQ7r0r1s0qWfcTiEehhdXhfxylXFixWqz7up6gnsA,lovely,5,0,1.1.4,03/04/2025 17:09,,,1.1.4
ecd8f291-3f3e-48e8-8e7b-9c89f07951be,Farah Arif,https://play-lh.googleusercontent.com/a-/ALV-UjVJ9J66EQqISiiqbbr-TiKJ9fugX39mR7vWfj-yqyXy8gxquw_H,best cookies ever,5,0,1.1.4,03/04/2025 14:05,,,1.1.4
307261d6-ca45-4b8d-b2cc-3cfa11a911e0,Sardar Arshad,https://play-lh.googleusercontent.com/a-/ALV-UjXfWyUkiNUG0NtJsgVjwl-8qer_DIHGJadisK3S96V7xtQehRk,"Feeling utterly disappointed. It's overrated. Order aanay mein ghanta laga, phir location ka issue aya, order tasveer se bilkul alag laga, taste bhi mid tha, rider key paas paisay nhi thay. I don't recommend ordering from crumble 👎.",1,3,1.1.4,03/04/2025 12:00,,,1.1.4
8b0b427c-a91d-45e8-a8f9-1030e5bb59f2,Taha Ashfaq,https://play-lh.googleusercontent.com/a-/ALV-UjXBJiv7FluCixwFnUM_PAOGo1YXsNB23SaCvJECvejr7hn0_x_K,"App is lagging, doesn't process card payment, gets stuck instead. Ofc this has nothing to do with their service. That's splendid as always.",4,6,1.1.4,02/04/2025 15:57,,,1.1.4
ef84c5c2-6044-46fe-994c-b82da180bffe,ali irfan,https://play-lh.googleusercontent.com/a-/ALV-UjWrpMuP6Xx5lWA4TrtwmCLzsjmulFnvi4w_-o8dgLOkZEp654s,Very delicious must try💯😍😋,5,1,1.1.4,24/03/2025 16:19,,,1.1.4
69d15930-4385-4b83-9e2a-3325324c53c9,Aamir Mubarak,https://play-lh.googleusercontent.com/a-/ALV-UjVCAJRjCfkK7Tam-3Kp0xLZnUHNKiQbsqNeM_QYP6UEG0cGPX0,Very delicious 😋😋 I like the chocolate most,5,5,1.1.4,13/03/2025 14:10,,,1.1.4
4e17d92f-4909-4dce-bd3f-1e62a6f900a9,Ayu-nyan Senpai,https://play-lh.googleusercontent.com/a-/ALV-UjWwrUrawb_picjWSjvK42B19B1V9EUxwAcih4HHACdhnlTa0nJO,BEST COOKIES EVERRRRR!!!,5,0,1.1.2,02/03/2025 13:39,,,1.1.2
e8b8ef27-afde-413b-8d4e-082c987a3e50,Biims,https://play-lh.googleusercontent.com/a-/ALV-UjUP46Ej-5E1WSisqEKgAZTb2malwPHbl5ASu26iy61q1zrDhsc,Price in app already high and over delivery they are also charging extra money,1,3,,01/03/2025 10:26,,,
cce2a284-3f71-4eb6-acc3-186c4f30f989,Hamida Naaz,https://play-lh.googleusercontent.com/a/ACg8ocIOqXFiLFqzl7_TLlrRIf177UKTZmC_X46ESb7TQmfeIbwlWw=mo,app wasn't working properly,2,0,1.1.2,26/02/2025 11:25,,,1.1.2
9028c881-823f-41df-949d-e6e95ea0e48c,Abdul Rafay Awan,https://play-lh.googleusercontent.com/a/ACg8ocIPAC5buJJ92HXL3um3uFfLoVnA800Bal6HH4HNWDv2lXm-cA=mo,"Been trying to order for hours, can't seem to get this app to save the address.",1,0,1.1.2,25/02/2025 11:48,,,1.1.2
57631c20-bc47-4779-9968-c8611baa6cdf,Mohsin Khan,https://play-lh.googleusercontent.com/a-/ALV-UjXHC5i3uN1ACsGlofrhP8G9TJ3nPExAoEp_PT6OnCrNkQAWBrOS,outstanding,5,0,1.1.2,24/02/2025 17:42,,,1.1.2
f59c07eb-c811-477c-89cd-8bf85893b69a,Sohail Ahkter,https://play-lh.googleusercontent.com/a/ACg8ocIgQKnZYFbZee6JplebQaEx6e0zDm2kX9qvxdAxco4-Z19eJQ=mo,best best,5,0,1.1.2,17/02/2025 17:47,,,1.1.2
5e2d1493-eee0-442c-9b87-2090279d4a96,Shk Xhk,https://play-lh.googleusercontent.com/a-/ALV-UjUAKbsGVsEQFiCAjMyNuUDD6RZf3Bf5PxBLJ46QxAgNzru7FrQ,Gujranwala ma kab branch kholo ge Hmmmm Bata do na 👄😉,5,0,,13/02/2025 3:04,,,
12ffd54d-c69c-47ec-9c71-64b7c09cd61f,Waqar ul Haq,https://play-lh.googleusercontent.com/a-/ALV-UjWAU3N3_H33dGwUtGJbpp5_2mdNTi2wplw5iNSt4tgCRdTi1zp1,their team gave Invalid promo code once installed the app asked to give correct promo said it's not in our capability. so don't give wrong promo in first place.,3,1,1.1.2,11/02/2025 16:04,,,1.1.2
79815073-528a-4721-b707-b0851f0d56f1,Ayan Afandi,https://play-lh.googleusercontent.com/a-/ALV-UjWZaaZy-MBFTVJUsUC61y1xxpX_QJSZv11u9cWNdS6uzUkCAg0,"Honest opinion here. The app seems kind of slow compared to other apps that are also powered by blink and offer a very similar user experience. It often backs out and the online payment method ""Payfast"" is extremely slow, atleast in my experience. Overall experience is not too bad on the app but could be better. Hoping to see improvements!",3,0,1.1.2,10/02/2025 16:16,,,1.1.2
5260c26f-bb2d-4d3e-b134-34dfe6365793,Umer Tariq,https://play-lh.googleusercontent.com/a-/ALV-UjUizLrWSF0NY8sqMutt1EtURnoy90PRE2lPTLYFDuPJ5atbLzM,Memes banao bs customer beshak order kay kay 2 ghnta wait karay,1,2,1.1.2,08/02/2025 11:25,,,1.1.2
f5b83845-316b-4d26-bd64-8018a7933f9c,Ali Waqar,https://play-lh.googleusercontent.com/a-/ALV-UjWaDzWeZf77YkyLBqGRvteocCPrUBvtOh0_hi-SiI5r_x1gLH8n,There are some issues with the app regarding address feature and the locate me function is also not accurate,3,0,1.1.2,07/02/2025 17:17,,,1.1.2
22ab15c9-2208-481b-b1f4-d44aed9cddcb,Atif Raza,https://play-lh.googleusercontent.com/a/ACg8ocIdKCQUDdFBy8nxRUaFa2Dp_lxOpd-Ljazn9EUntP2gLxAjVFY=mo,not user friendly UI/UX,2,1,,03/02/2025 14:54,,,
6bc7316e-e715-48d5-923a-9d0e14e20b06,M. Qasim,https://play-lh.googleusercontent.com/a-/ALV-UjWKQrMf7V4ZeTFLZE5BOhaXXdKIt5WUq4sbFdzC1su_A5GmeGlV,Best ever taste of cookies 😋,5,0,1.1.2,15/01/2025 10:51,,,1.1.2
d3bdc9c8-c500-42f1-b2c7-48d34e388f85,Bilal Hassan,https://play-lh.googleusercontent.com/a/ACg8ocJA3ZjIhI0sl_R1JaVzDFIKt16yv9Rn4IimrEh1NvgQAkdyffs=mo,smooth ordering,5,0,1.1.2,14/01/2025 8:11,,,1.1.2
8565ff94-fabe-453f-9fd9-814db1baa7e6,Huma Shad,https://play-lh.googleusercontent.com/a/ACg8ocLW64uldyprjRZNvKJqOyWkML-_zGXjaGhunJrOW6jsUoUpdg=mo,Best,5,0,1.1.2,12/01/2025 11:31,,,1.1.2
3955eea1-5867-4653-9e2c-0ffcf35a605b,Nida Arslan,https://play-lh.googleusercontent.com/a-/ALV-UjVW-XMqVeHsbyKsAht50NfgJvz0DMiX24-BaM7ivTts20pzSyMm,Bhut hi zabardast ❤️❤️,5,0,1.1.2,11/01/2025 14:35,,,1.1.2
a3038f14-7392-4339-be52-a44ca00ef482,Malik Azlan,https://play-lh.googleusercontent.com/a-/ALV-UjW3HJqAdfij5AATVyH84FN8KSnbcguiy6HdoyHCFgn_wzQHAIga,Man crumble is good but they dont have nation wide oders on their app they should add that,4,1,1.1.2,11/01/2025 9:13,,,1.1.2
7c174da9-c37d-457f-b5d2-35ee19dcabb2,Ibrahim rashid,https://play-lh.googleusercontent.com/a/ACg8ocI910k2PRAcOnC_VZRNCe7trS-65NFs-ZWqtEHfTVMg-0JrXQ=mo,Hi I have tried crumble cookies before in Islamabad they are excellent but now I want them in Faisalabad I heard that there is an app if crumble so I download it there are only two options Islamabad and Rawalpindi there is not Faisalabad option and they can't get my location please help me .cookies are excellent.,4,7,1.1.2,01/01/2025 20:42,,,1.1.2
8df78765-f3ec-46c3-b245-b8a5b1e782b6,Ali Ahmad,https://play-lh.googleusercontent.com/a-/ALV-UjVZJwTY8WeNy953sLUE9jybRb8oZjOWHd517TBEtc8wOMIRXBt2,"The app needs fixes. It has a bunch of bugs in online payments. I ordered and payed through debit card and after successful payment I was taken to the ""order confirmation"" section again even after receiving the successful payment notification. Also I can't follow the delivery progress because of this.",3,1,1.1.2,28/12/2024 15:38,,,1.1.2
35daeb45-4abe-4b46-9808-eb7544f45958,Hafsa Naz,https://play-lh.googleusercontent.com/a/ACg8ocJ5uZ_q1r437mrO02kDm5mhVooVuRhhsvT654VV2cdBfnt9gSNf=mo,Reviewing this app with 1 star for promoting vulgar jokes on social media platform.,1,1,,13/12/2024 10:04,,,
c7ea1aff-778a-4105-8db7-0d0a367dcd62,Yahya Ahmed,https://play-lh.googleusercontent.com/a-/ALV-UjU1er3ixtdcQYwRmaIVNp5YXoRBfvd513uX4mGfKFTE2rSy0L4Q0A,they made is so hard to order. wheres the guest login,2,0,1.1.2,12/12/2024 16:54,,,1.1.2
c12e24e8-9f40-49df-9e0d-4a7037ec2665,Aina Merzia,https://play-lh.googleusercontent.com/a/ACg8ocK0b9WJHWUAsDYcnc5eDZFhwQIDOrWRoOm23vsYh-N_3Tdnxw=mo,"something was wrong with the website. as I tried the option of scan your card, it wasn't working. and I tried to create an account and I said account already exists",1,2,1.1.2,09/12/2024 11:51,,,1.1.2
a26c376b-1a0e-4385-b0ac-689ab8515012,Mian Muhammad Talha,https://play-lh.googleusercontent.com/a/ACg8ocIrkrB2ACsBir8HMwRzaku7-7AHz_7Ro5ETf3QK9DHhFClAiA=mo,No delivery In lahore,1,1,1.1.2,07/12/2024 10:47,,,1.1.2
aa958976-4724-4b84-ab66-a96e4d1c9720,SaNa AFzaL,https://play-lh.googleusercontent.com/a-/ALV-UjViPM1B8STeH_uE2WMQreGZdoEZ8w7fmTWnwrC4WCf4Up_snBGPYA,not good app,3,1,1.1.2,17/11/2024 11:19,,,1.1.2
f60b4a33-2c96-4446-bcd1-4180aac7ed02,abdullah tahir,https://play-lh.googleusercontent.com/a-/ALV-UjVQDn4SdihkPMiv_txijspvwXCPlLEFv4s81WrstOL6MQznDUw,sometime it's too sweet,3,1,1.1.2,01/11/2024 11:50,,,1.1.2
410c3928-b778-4af2-a9eb-db61b482f459,muhammah haroon,https://play-lh.googleusercontent.com/a/ACg8ocL-ydr9xEZCiUi6t-_wPSjHTXkp9-VXKxVOqTnPSoeWyBqc0cXF=mo,good,5,1,1.1.2,26/10/2024 9:53,,,1.1.2
a664ba8e-124b-4ea3-b7fc-434fcde0fc24,Ariz Lodhi,https://play-lh.googleusercontent.com/a-/ALV-UjXNQ79rMjl36p699fYECrJBNxLNIwnu1gMaTYEraI45X2L3U4w,It isn't available in karachi.So i couldn't order anything,2,1,1.1.2,20/10/2024 17:04,,,1.1.2
0365092d-f889-4703-b31c-873912a519cf,Ahsen Gilani,https://play-lh.googleusercontent.com/a-/ALV-UjUnrCXhwh7Jd1bobOQGsyESyimpH6lXZlkSigB_cdFigmNMlNU,delicious,5,1,1.1.2,16/10/2024 18:30,,,1.1.2
d190b535-4b45-4346-9204-fb7a82c1882c,Uzair Bin Babar,https://play-lh.googleusercontent.com/a/ACg8ocJ-w2dzzV0uDNAW_foqDVzMbuSSGeuBJ-RQGdrHXQLePzC9Cg=mo,Delivery button not working,1,1,1.1.2,13/10/2024 9:53,,,1.1.2
3b1aa8f0-e167-4aa5-804c-44b7b1ef98b9,Afnan Minhas,https://play-lh.googleusercontent.com/a-/ALV-UjXMrE2tOrc2ZgP3cK4ESaUUPfMcVxRg_4693bmc2A-qLPpvcGtj8w,Delivery button on startup screen is not working. Only pick up option is available. Have you discontinued delivery?,3,0,1.1.2,07/10/2024 18:48,,,1.1.2
621d5c25-f254-4517-9df5-a0128ef29632,Sadia Savul,https://play-lh.googleusercontent.com/a-/ALV-UjUQ2_kvTbI-o_549_Ko54NIRZhzEakNgFb4dfKP3IfAR6tuUP7t,good,5,1,1.1.2,20/09/2024 15:44,,,1.1.2
da8c4d03-b32b-41fd-9ef4-a7f491ce6cde,Guess Me,https://play-lh.googleusercontent.com/a-/ALV-UjVc5rs46aGR3uaaJxsqGWNhbRacgglzxQ9hl-gDQdc6p1nGVb4,"Android app has bugs. it shows expired discount vouchers as test data, it does not pick address automatically while placing order, unable to order in the morning",2,0,1.1.1,19/09/2024 7:04,,,1.1.1
9b513cb3-de42-4e0b-923d-989dd1c49dc9,MANAL AZEEM,https://play-lh.googleusercontent.com/a-/ALV-UjWgHyRhGD1DARAsNNt5cgJsh14VxYrxdXe9QAtOs9A5cJpbz94_,I had a really bad experience with this,1,2,1.1.1,18/09/2024 10:12,,,1.1.1
e99410c1-7809-4322-9163-2610a8ded09f,Syeda Amna Abbas,https://play-lh.googleusercontent.com/a/ACg8ocJIWXHpVsQAs4GDDSZLJM0T7N4Io3mQQdxba_Uv8OJg0ch9Tg=mo,🤌🏻🤌🏻🤌🏻🤌🏻 finger lickin good 🍪 and the app process is so convenient and easy,5,14,1.1.1,13/09/2024 17:44,,,1.1.1
aab72fc8-3076-4234-a47e-59bf4d0c72fe,Nidjan Obi,https://play-lh.googleusercontent.com/a/ACg8ocIPbW39hEVFk-4ISuIT6h8r_8GG0ESWyto_XTdEYQVJH5g6Lg=mo,"Amazing taste, Amazing quality, fast delivery, fresh food and very cooperative staff, appreciated, good job",5,11,1.1.0,09/08/2024 10:45,,,1.1.0
dff59372-99ed-4056-910b-83d78eca4d36,SAMI TALHA,https://play-lh.googleusercontent.com/a/ACg8ocIL5nIrtQeZAQ9-W8iypvjukQiirF3hVRA84ulXGHZXFaJq_g=mo,greattttt,5,1,1.1.0,08/07/2024 14:41,,,1.1.0
a6e39469-14dc-40f7-ab77-ca34d6d40ec5,Jabbar Akram,https://play-lh.googleusercontent.com/a-/ALV-UjXADxvpPO7pQA6O3ljv2ATiXaqG0h7NtbOAS_oNf32hptdvF1l1PA,Laval krdia inho ne💥,5,1,1.1.0,21/06/2024 11:44,,,1.1.0
e1727efd-6977-43ff-b925-2447fb05e543,Unknown,https://play-lh.googleusercontent.com/a/ACg8ocJRViRI80TcqhEg_IrNN3ICq3hBu_sMoB4R6q_FwAaBY7emUQ=mo,very good food,5,3,1.1.0,16/06/2024 9:26,,,1.1.0
27da069b-053d-4aac-a23a-12e20f80ae47,Meshayam Asif,https://play-lh.googleusercontent.com/a/ACg8ocKfykEyKZT2Sq28Zk9a2buf8ibeZkOZetnAlpkeOixO4kdfpA=mo,why you don't take orders under 1000 rupees,3,2,1.1.0,04/06/2024 14:52,,,1.1.0
1faa96d7-5af4-451f-9a10-52a924635ea8,hamza Raja,https://play-lh.googleusercontent.com/a-/ALV-UjWhMOR8QtbeMV1Qh-wFlJvig6FPSwTk0JMRhgyx6IWRRdJalxs,the app is smooth to work with,5,3,1.1.0,29/05/2024 15:19,,,1.1.0
c85f96b7-1dc2-431a-ac90-bf7ce8ac265a,raffay moazzam,https://play-lh.googleusercontent.com/a-/ALV-UjUp-yWrpulUCCK8unNGVL08G7HM1FtPHSYZB8R9EIKruiB2ebDS,amazing app,5,1,1.1.0,24/05/2024 9:24,,,1.1.0
aee20a10-54b2-4bfe-bbba-5750dd546f59,Squadasoke12 YT,https://play-lh.googleusercontent.com/a/ACg8ocJ5YI7jVRtL2G3vCI-gpiw70ffKXe5cLGzgjtyqn-4KLl_w3g=mo,New UI kinda weird lol,3,1,1.0.9,08/05/2024 15:40,,,1.0.9
7ff1bef8-4b9d-46ab-bd8a-b4d24ea0d8c4,Abdul Samad Mehmood,https://play-lh.googleusercontent.com/a-/ALV-UjVpKcc9zo5Ry-Ql7qNp-PQIMl1bjdl_aGMR7sRjwN0YUwJA4i390A,I didn't know this meme page made cookies as well. The app is good enough. It gets the job done.,5,3,1.0.8,27/04/2024 15:14,,,1.0.8
d53af3d3-a773-48b3-b319-13b06bf65717,Aisha Mohsin,https://play-lh.googleusercontent.com/a/ACg8ocK5QYPjC3QZh4wNvwvUszzLumTRF7v5jFAspXvwKBJWhWJ-Vw=mo,App does not work,1,0,1.0.8,11/04/2024 7:26,,,1.0.8
aff8377e-b64f-4898-b4d4-00e552091003,Faiq Wahid,https://play-lh.googleusercontent.com/a-/ALV-UjVF5PAZD0e8pDWOHm9ZmeS4Zk3wMsd8gyzGKbwcnRxj3RN4qwJa,App doesn't work,1,0,1.0.8,10/04/2024 9:13,,,1.0.8
51498ab9-56d2-4a67-9d61-5fb0421bcdab,Zubair Fawad,https://play-lh.googleusercontent.com/a-/ALV-UjVYP10hyc8GWeo8wjbvhqY3aq1n4VFvZ0ZMrVll45xTg4RM_1CRXQ,"It's a great app, but I feel like there's room for improvement in UI",5,1,1.0.8,05/04/2024 17:41,,,1.0.8
b03b357d-a34a-4893-ac1d-33c5429c125c,Misbah Iftikhar,https://play-lh.googleusercontent.com/a-/ALV-UjUa0qfi2paRYRG-HaNFblMKogT1tJE6UZ2zHW05lzrAnqo7r3Q,I would suggest ordering (home delivery) of 2 cookies be made available as well.,5,1,1.0.8,04/04/2024 18:10,,,1.0.8
3b28f457-8728-49d6-b0bc-e9277fe7aa3b,Laiba Faheem,https://play-lh.googleusercontent.com/a-/ALV-UjX0idhi5mSoHKHhHnQGk0cghsSZmf-Qs5MATt6V0oyb_9NKJQRt7w,Love crumble. Only issue is that even with delivery charges they want us to have an order of at least 960. Makes no sense if I'm already paying DC.,4,0,1.0.8,29/03/2024 17:06,,,1.0.8
56bdd741-c89c-4078-b2b5-13c637be5f2d,IBRAHIM AHMED,https://play-lh.googleusercontent.com/a/ACg8ocIkDg2z_9RyFW2FQvWma0k0CgyIUVTlTdSrHmmONF9fRfQcng=mo,I downloaded this because of that insta page I enjoyed it 😭,5,1,1.0.8,23/03/2024 19:54,,,1.0.8
24e52fba-6f7b-42d0-8f9a-094ea9edbe80,Ali Asghar,https://play-lh.googleusercontent.com/a-/ALV-UjVEyMzwR36HWpDFweMSdGqjihR0-4IZkAn0vsOKm0viLSxDqUeH,(⭐⭐⭐⭐⭐) FOR THE ADMIN 🗣️💥,5,1,1.0.8,21/03/2024 11:03,,,1.0.8
b4ef8012-7aee-496f-af06-0d5fc9ab7cce,ZARAR SHAH,https://play-lh.googleusercontent.com/a-/ALV-UjX8MO13eK5mFh7cFuqvzkwbWjzSRTy42wSTVW2_UNYbZguSCcNW,The app exudes the excellence of it's UI.,4,2,1.0.8,17/03/2024 8:06,,,1.0.8
4759ba7a-ec2b-40b3-88e8-967f9cef712d,Shehroz Mughal,https://play-lh.googleusercontent.com/a-/ALV-UjWWlwiPpoCGGsQuzXhpFHXiB6LY3s26zNjinog9H_O-gBF6LG3o,Delicious!!!,5,1,1.0.8,05/03/2024 13:39,,,1.0.8
04557ef4-929b-42c4-9019-15baaa731cdf,Sulaiman Khan,https://play-lh.googleusercontent.com/a/ACg8ocIgPl0KTwg5lWj-rbBNGX4biNlMTWUMQAz3R5oKN_PzQQbSrlg=mo,"Amazing application, easy to use, functional and has a tracker for your order, this application is nothing bellow 5 stars",5,13,1.0.8,01/03/2024 15:56,,,1.0.8
015a385a-e214-4e65-a81f-b926e5e7d0ad,Mustafa Raza,https://play-lh.googleusercontent.com/a/ACg8ocIBmH4Vi0iLAqnaiSP0xqdH5B4XvDoLRXvG5fO2y0_pCYloXQ=mo,"very easy to operate the app. however, promo code didnt work one of the best freshly made cookies i have had in a long time",4,15,1.0.8,11/02/2024 15:03,,,1.0.8
de6e54ac-bf73-4ec8-89e5-c3ff134855a3,Shahzaib Zahoor Malik,https://play-lh.googleusercontent.com/a-/ALV-UjV54YsYUXgovqxrQt8CYZ5-oOQcBjF23J2IYmzMtU0bKykyQluySA,Excellent App experience and user interface just like their perfect cookies. Absolutely loved it,5,13,1.0.8,06/02/2024 13:25,,,1.0.8
4b3fa3a8-6171-4775-a937-9ba55eab2cbd,Sumera Ziishan,https://play-lh.googleusercontent.com/a/ACg8ocKkbeATv230VSgQpAz-0RdeIx923581-z0nmGQXHGdspa9yOw=mo,Excellent,5,0,1.0.8,06/02/2024 12:23,,,1.0.8
976f3de0-af0a-48f3-af2a-0ee436d83af9,Azied Mehmood Alvi,https://play-lh.googleusercontent.com/a-/ALV-UjU4KdzCtvsIYJeLLxcEUyBRFuUPniEBmBJUsSs36JctXFHzIu8gXQ,"Amazing taste, such amazing cookies. love them",5,1,1.0.8,01/02/2024 6:50,,,1.0.8
e542bbae-af1e-4d12-80da-9aeaa8c9ac44,Huma Sohail,https://play-lh.googleusercontent.com/a-/ALV-UjXm1SltFv4hDuGvMjvBNjTRyt0VNCKJhuJvSxXc4GFxHZzr4EPH-Q,Yummy and freshly backed,4,2,1.0.8,31/01/2024 11:20,,,1.0.8
1eaecd90-ec85-48eb-af8e-103b93bfa7fd,eman,https://play-lh.googleusercontent.com/a-/ALV-UjW6RYBSMv9QbcgwV-45y_GYWU8wvmw5Mkcu32s7xy2DaYAnwV8N,"if you're downloading this app to get 10% off your first order, don't bother. It doesn't work.",1,7,,28/01/2024 14:01,,,
f401578f-a254-4ef3-8c09-7c1256b2f565,Sardar Aayan,https://play-lh.googleusercontent.com/a-/ALV-UjXh2sfKRttWd2GMoXzBQFsAjC2QPw7KptlWcAYRJHxeSiQJnqFZ,best,5,0,1.0.8,25/01/2024 17:06,,,1.0.8
6e132b0c-7849-416e-96fd-55e3a07a8bad,Aftab Afridi,https://play-lh.googleusercontent.com/a-/ALV-UjU68rZt5Kv7m5Po00QNiNxN45eLsmtk34vMu7Cu26gzzQed-fSGdg,Cookies for your pookies 🙈,5,1,,24/01/2024 16:40,,,
5f42ed94-d889-4cd2-9cb8-6fd0b69fb6f1,Ifrahim Malik,https://play-lh.googleusercontent.com/a-/ALV-UjU7aDhyzFTGPPVWKJjku-Ppc44JrTSV_pACS7j0UR7U1_tO8mQhzA,Lovely taste,5,1,1.0.8,11/01/2024 16:54,,,1.0.8
6bc3cbe0-6a24-43ff-af46-e2f1f10eac0c,Dua Jamil,https://play-lh.googleusercontent.com/a/ACg8ocJsXGCDe9YwmWbh88RrlEtK_-Kv_lZ0V8P4faywHET8ZnQQpw=mo,Their cookies always taste so good.The best In Islamabad.,5,1,1.0.8,01/01/2024 11:25,,,1.0.8
d8dc973c-d1f8-4fb5-b350-1ae8e7b83439,Mamoona Batool,https://play-lh.googleusercontent.com/a-/ALV-UjW_CHO-Xu6sTeyTKmaL0xkeyvs-ouikjo6EXtPnZ5m9bzlDSbfijg,Crumble cookies are the best >>>>❤️,5,2,,29/12/2023 11:01,,,
cdd2412d-c3d0-47a5-b477-5bc98b43999b,James wight,https://play-lh.googleusercontent.com/a-/ALV-UjVCEobH5x8vU4yVRFWsmcB_kujVq3YTcj4yo4BwM9z6THc1lZpd,Fake,1,1,,26/12/2023 23:21,,,
b12e9708-f6e2-457c-ab9d-bb26747f8f38,Amar Waqas,https://play-lh.googleusercontent.com/a-/ALV-UjUbloFAS44uy7uK9i7V1HAC_boM1fQh1WgZMWGLAjI-gN18nDsM,Love it bro,5,1,1.0.8,25/12/2023 16:48,,,1.0.8
2f36fb93-69d4-4739-aa43-ba6891ef650b,Mehak Naaz,https://play-lh.googleusercontent.com/a/ACg8ocJBTcaRdIwcwByVVyabMTYbv2r9_d5FWnnB8DQLkwWW0JZo-p_r=mo,Great,5,0,1.0.8,08/12/2023 13:19,,,1.0.8
1af68813-c5ac-48dc-b691-f7dc00dc0fd0,Huma Zahra,https://play-lh.googleusercontent.com/a-/ALV-UjUHfbmR_i0sguBhp4KtqOxZAU5645fHnVrUtSpwk-2QzMm419exLA,The cookies are fresh and gooey. App was to the point,5,5,1.0.8,30/11/2023 11:45,,,1.0.8
1f9aac27-0773-42e5-90cf-f601f90d2b88,Zaid Abbasi,https://play-lh.googleusercontent.com/a-/ALV-UjWbBTOMFRVp4Co6-xbbZQKvL2r2A0jPj_I_rwso6PZCjjtZlfep,"Good Application, the cookies are great!",5,4,1.0.8,17/11/2023 14:46,,,1.0.8
f2375a74-89d1-4c9d-b0a8-a3e5dd067b4c,Tahir,https://play-lh.googleusercontent.com/a/ACg8ocLsylzpPoEscKZQAHZTID0OHh4qp4jQRZ7NSwbFJR8WXZhgpDA=mo,best cookies in Pakistan,5,2,,14/11/2023 5:22,,,
cbebae0d-f956-4d7d-ace5-251ac3bbbc4e,Mariam Khalid,https://play-lh.googleusercontent.com/a/ACg8ocIZmG201MrziZkHpk-hwoI41OS6avPQ-TJ46bNIKKDG2pMMkQ=mo,"I haven't ordered yet, and I wanna know if the delivery through credit/debit card is a scam",1,2,1.0.8,06/11/2023 9:10,,,1.0.8
672659a6-a304-42ef-8152-241079ec19d0,Syed Mohib E Mustafa,https://play-lh.googleusercontent.com/a-/ALV-UjXVMwahwXDBcSY15kwY4FL-4RrC-9JxY2YUfeVPDSZR61vDN32n,great interface,5,0,1.0.8,02/11/2023 14:02,,,1.0.8
099c8806-4120-4dd5-89a0-5573a89d0df9,Saboor Ahmed,https://play-lh.googleusercontent.com/a-/ALV-UjW0yMUbeGSPOd6xVHK3lx0ai2OdeHQs1CaosGUHmmKATlwoGc5z1Q,Just tried red velvet cream cheese. Yummy 😋🤤. Crumble never disappoints. 10/10 for the taste.,5,7,1.0.8,28/10/2023 9:21,,,1.0.8
aca0cd7c-4ffc-459e-a30b-059984430f3a,Production IKV,https://play-lh.googleusercontent.com/a-/ALV-UjX4WBCLZFsqXPtpSiLK1RE6AkdjWi1FNQlXKg95FDfio2XAC6eDZA,Best cookies yayyyy,5,2,1.0.8,27/10/2023 11:15,,,1.0.8
d4d8a893-b381-4020-b791-b3807a344f08,Aetazaz Siddiqi,https://play-lh.googleusercontent.com/a-/ALV-UjW8k0GLkuxDzPf9BgGZL_KxolTWM7EpB1HAorcm1Z4cm85zhCFCew,Greatest cookies in the history of Islamabad,5,2,1.0.8,04/10/2023 13:12,,,1.0.8
7c1461c3-2f9e-4c44-88c4-a022c1484beb,Hera Fazil,https://play-lh.googleusercontent.com/a-/ALV-UjUNlH_NDuM6LuPutYoySJIy4jSTj6oz2ogEYXwGtK1mlfODFxm8,👍,5,0,1.0.8,09/09/2023 11:02,,,1.0.8
0cb22ff6-0234-4545-80af-b323c5ed456d,Sana Sarwar,https://play-lh.googleusercontent.com/a-/ALV-UjW6no27zuOx55pmr38qZfbl7fHzwOhEXN1lHsIJQKOaEd29IFE,Excellent cookies 🤤,5,2,1.0.8,01/09/2023 4:45,,,1.0.8
a09051bd-e46f-4d3e-876f-1b8c12589769,Aieza Mir,https://play-lh.googleusercontent.com/a-/ALV-UjWIUoTtTJ7KNqFfBmCPP8rsx-WCg-ylmWk-IyzBVVOr4UE_3V3W8w,The best cookies you could ever have.,5,2,,16/08/2023 11:34,,,
840d100a-86cd-4332-afc7-6a70e113e152,Saima Tanveer,https://play-lh.googleusercontent.com/a/ACg8ocKXyUdf6lvgx0uJfb9u0DWjfygtqEbeF-loTlIPqdPJo15QQg=mo,It's is very good👍👍👍👍👍,5,1,1.0.8,19/07/2023 13:00,,,1.0.8
26de2f5f-a675-4065-b498-35c7465ce121,waleed alvi,https://play-lh.googleusercontent.com/a-/ALV-UjUVlvr2YJ2MeynKxBJwQNtE9uFc4qjumpj8pFSDCK2smfm_HIag,Love this app Love the cookies 🍪 ❤,5,2,1.0.7,25/06/2023 20:48,,,1.0.7
73cfe0fd-92e9-489e-b044-76e7063a67c2,Imaan Jan,https://play-lh.googleusercontent.com/a-/ALV-UjU2U6SwlWN7uLFrYhlJh8nXV1WNUxHycuBn1Bp4nmB_uHVVbAUcnQ,Besttttt,4,1,1.0.7,23/06/2023 13:24,,,1.0.7
a0b19bcf-e60a-451b-8ab6-a56a12555b1c,Abdurrahman bin Omer,https://play-lh.googleusercontent.com/a-/ALV-UjUyJNV1Gm6_U5iHubLD0xTdTlA3iFmSTdl5La3Hud-KJVs5TQcX,Really amazing and use friendly,5,1,1.0.7,20/06/2023 8:28,,,1.0.7
e35ca69f-1e6f-49d0-9d19-c6d13adcb2ce,AbdullahUmarZahid,https://play-lh.googleusercontent.com/a/ACg8ocLuRji7Szuc8ZXFNOIRuHPwYbeihqFRLRZ4DgjEay85tRVdVQ=mo,Great App. Best Cookies on the planet. Easiest decision of my life,5,7,1.0.7,12/06/2023 11:30,,,1.0.7
0e3da49b-6e90-43ad-9d43-4bd038015f68,Ahmed Farhan,https://play-lh.googleusercontent.com/a/ACg8ocLrrHVVBPsL-nBS6WCXm-EH1ZGgWEmY2n1fU7eshulfPFH8lw=mo,Best cookies in cookies in Islamabad/Rawlpindi and a very great working app. A very smooth ordering experience.,5,6,1.0.7,12/06/2023 9:37,,,1.0.7
70fe11cf-f762-41f3-ab6b-14e2fd237310,Areeb Umer,https://play-lh.googleusercontent.com/a-/ALV-UjW4Iy2lKJ1jur0C_QzfHJ1heD__Y0pUxund_c1vjk-bEU_V8fcW,Works perfectly. I have ordered a couple of times and no problems so far.,5,7,1.0.7,12/06/2023 8:38,,,1.0.7
